{
  "asyncAppend.defs.ts": [],
  "asyncAppend.test.ts": [
    "/_100554_/l2/tsTestAST.js"
  ],
  "asyncAppend.ts": [
    "/_100000_/litHtml.js",
    "/_100000_/directive.js",
    "/_100000_/asyncReplace.js"
  ],
  "asyncDirective.defs.ts": [],
  "asyncDirective.test.ts": [
    "/_100554_/l2/tsTestAST.js"
  ],
  "asyncDirective.ts": [
    "/_100000_/litHtml.js",
    "/_100000_/directive.js"
  ],
  "asyncReplace.defs.ts": [],
  "asyncReplace.test.ts": [
    "/_100554_/l2/tsTestAST.js"
  ],
  "asyncReplace.ts": [
    "/_100000_/litHtml.js",
    "/_100000_/asyncDirective.js"
  ],
  "base.defs.ts": [],
  "base.test.ts": [
    "/_100554_/l2/tsTestAST.js"
  ],
  "base.ts": [],
  "cache.defs.ts": [],
  "cache.test.ts": [
    "/_100554_/l2/tsTestAST.js"
  ],
  "cache.ts": [
    "/_100000_/litHtml.js",
    "/_100000_/directive.js"
  ],
  "choose.defs.ts": [],
  "choose.test.ts": [
    "/_100554_/l2/tsTestAST.js"
  ],
  "choose.ts": [],
  "classMap.defs.ts": [],
  "classMap.test.ts": [
    "/_100554_/l2/tsTestAST.js"
  ],
  "classMap.ts": [
    "/_100000_/litHtml.js",
    "/_100000_/directive.js"
  ],
  "cssTag.defs.ts": [],
  "cssTag.test.ts": [
    "/_100554_/l2/tsTestAST.js"
  ],
  "cssTag.ts": [],
  "customElement.defs.ts": [],
  "customElement.test.ts": [
    "/_100554_/l2/tsTestAST.js"
  ],
  "customElement.ts": [
    "/_100000_/base.js"
  ],
  "decorators.defs.ts": [],
  "decorators.test.ts": [
    "/_100554_/l2/tsTestAST.js"
  ],
  "decorators.ts": [],
  "designSystem.defs.ts": [],
  "designSystem.test.ts": [
    "/_100554_/l2/tsTestAST.js"
  ],
  "designSystem.ts": [
    "./_100554_designSystemBase"
  ],
  "directive.defs.ts": [],
  "directive.test.ts": [
    "/_100554_/l2/tsTestAST.js"
  ],
  "directive.ts": [
    "/_100000_/litHtml.js"
  ],
  "directiveHelpers.defs.ts": [],
  "directiveHelpers.test.ts": [
    "/_100554_/l2/tsTestAST.js"
  ],
  "directiveHelpers.ts": [
    "/_100000_litHtml.js",
    "/_100000_/directive.js"
  ],
  "enhancementLit.defs.ts": [],
  "enhancementLit.test.ts": [
    "/_100554_/l2/tsTestAST.js"
  ],
  "enhancementLit.ts": [
    "./_100554_utilsLit",
    "./_100554_propiertiesLit",
    "./_100554_dependenciesLit",
    "./_100554_validateLit",
    "./_100554_codeLensLit",
    "./_100554_processCssLit"
  ],
  "eventOptions.defs.ts": [],
  "eventOptions.test.ts": [
    "/_100554_/l2/tsTestAST.js"
  ],
  "eventOptions.ts": [
    "/_100000_/reactiveElement.js",
    "/_100000_/base.js"
  ],
  "guard.defs.ts": [],
  "guard.test.ts": [
    "/_100554_/l2/tsTestAST.js"
  ],
  "guard.ts": [
    "/_100000_/litHtml.js",
    "/_100000_/directive.js"
  ],
  "ifDefined.defs.ts": [],
  "ifDefined.test.ts": [
    "/_100554_/l2/tsTestAST.js"
  ],
  "ifDefined.ts": [
    "/_100000_litHtml.js"
  ],
  "isServer.defs.ts": [],
  "isServer.test.ts": [
    "/_100554_/l2/tsTestAST.js"
  ],
  "isServer.ts": [],
  "join.defs.ts": [],
  "join.test.ts": [
    "/_100554_/l2/tsTestAST.js"
  ],
  "join.ts": [],
  "keyed.defs.ts": [],
  "keyed.test.ts": [
    "/_100554_/l2/tsTestAST.js"
  ],
  "keyed.ts": [
    "/_100000_/directive.js"
  ],
  "litElement.defs.ts": [],
  "litElement.test.ts": [
    "/_100554_/l2/tsTestAST.js"
  ],
  "litElement.ts": [
    "/_100000_/reactiveElement",
    "/_100000_/litHtml",
    "/_100000_/litHtml",
    "/_100000_/reactiveElement"
  ],
  "litHtml.defs.ts": [],
  "litHtml.test.ts": [
    "/_100554_/l2/tsTestAST.js"
  ],
  "litHtml.ts": [
    "/_100000_directive.js"
  ],
  "live.defs.ts": [],
  "live.test.ts": [
    "/_100554_/l2/tsTestAST.js"
  ],
  "live.ts": [
    "/_100000_/litHtml.js",
    "/_100000_/directive.js"
  ],
  "map.defs.ts": [],
  "map.test.ts": [
    "/_100554_/l2/tsTestAST.js"
  ],
  "map.ts": [],
  "polyfillSupport.defs.ts": [],
  "polyfillSupport.test.ts": [
    "/_100554_/l2/tsTestAST.js"
  ],
  "polyfillSupport.ts": [],
  "privateAsyncHelpers.defs.ts": [],
  "privateAsyncHelpers.test.ts": [
    "/_100554_/l2/tsTestAST.js"
  ],
  "privateAsyncHelpers.ts": [],
  "privateSsrSupport.defs.ts": [],
  "privateSsrSupport.test.ts": [
    "/_100554_/l2/tsTestAST.js"
  ],
  "privateSsrSupport.ts": [
    "/_100000_directive.js",
    "/_100000_/litHtml.js",
    "/_100000_/litHtml.js"
  ],
  "project.defs.ts": [],
  "project.test.ts": [
    "/_100554_/l2/tsTestAST.js"
  ],
  "project.ts": [],
  "property.defs.ts": [],
  "property.test.ts": [
    "/_100554_/l2/tsTestAST.js"
  ],
  "property.ts": [
    "/_100000_/reactiveElement.js",
    "/_100000_/base.js"
  ],
  "query.defs.ts": [],
  "query.test.ts": [
    "/_100554_/l2/tsTestAST.js"
  ],
  "query.ts": [
    "/_100000_/reactiveElement.js",
    "/_100000_/base.js"
  ],
  "queryAll.defs.ts": [],
  "queryAll.test.ts": [
    "/_100554_/l2/tsTestAST.js"
  ],
  "queryAll.ts": [
    "/_100000_/reactiveElement.js",
    "/_100000_/base.js"
  ],
  "queryAssignedElements.defs.ts": [],
  "queryAssignedElements.test.ts": [
    "/_100554_/l2/tsTestAST.js"
  ],
  "queryAssignedElements.ts": [
    "/_100000_/reactiveElement.js",
    "/_100000_/queryAssignedNodes.js",
    "/_100000_/base.js"
  ],
  "queryAssignedNodes.defs.ts": [],
  "queryAssignedNodes.test.ts": [
    "/_100554_/l2/tsTestAST.js"
  ],
  "queryAssignedNodes.ts": [
    "/_100000_/reactiveElement.js",
    "/_100000_/base.js"
  ],
  "queryAsync.defs.ts": [],
  "queryAsync.test.ts": [
    "/_100554_/l2/tsTestAST.js"
  ],
  "queryAsync.ts": [
    "/_100000_/reactiveElement.js",
    "/_100000_/base.js"
  ],
  "range.defs.ts": [],
  "range.test.ts": [
    "/_100554_/l2/tsTestAST.js"
  ],
  "range.ts": [],
  "reactiveController.defs.ts": [],
  "reactiveController.test.ts": [
    "/_100554_/l2/tsTestAST.js"
  ],
  "reactiveController.ts": [],
  "reactiveElement.defs.ts": [],
  "reactiveElement.test.ts": [
    "/_100554_/l2/tsTestAST.js"
  ],
  "reactiveElement.ts": [
    "/_100000_cssTag.js",
    "/_100000_reactiveController.js"
  ],
  "ref.defs.ts": [],
  "ref.test.ts": [
    "/_100554_/l2/tsTestAST.js"
  ],
  "ref.ts": [
    "/_100000_/litHtml.js",
    "/_100000_/asyncDirective.js"
  ],
  "repeat.defs.ts": [],
  "repeat.test.ts": [
    "/_100554_/l2/tsTestAST.js"
  ],
  "repeat.ts": [
    "/_100000_/litHtml.js",
    "/_100000_/directive.js"
  ],
  "state.defs.ts": [],
  "state.test.ts": [
    "/_100554_/l2/tsTestAST.js"
  ],
  "state.ts": [],
  "static.defs.ts": [],
  "static.test.ts": [
    "/_100554_/l2/tsTestAST.js"
  ],
  "static.ts": [
    "/_100000_/litHtml.js"
  ],
  "styleMap.defs.ts": [],
  "styleMap.test.ts": [
    "/_100554_/l2/tsTestAST.js"
  ],
  "styleMap.ts": [
    "/_100000_/litHtml.js",
    "/_100000_/directive.js"
  ],
  "templateContent.defs.ts": [],
  "templateContent.test.ts": [
    "/_100554_/l2/tsTestAST.js"
  ],
  "templateContent.ts": [
    "/_100000_/litHtml.js",
    "/_100000_/directive.js"
  ],
  "unsafeHtml.defs.ts": [],
  "unsafeHtml.test.ts": [
    "/_100554_/l2/tsTestAST.js"
  ],
  "unsafeHtml.ts": [
    "/_100000_/litHtml.js",
    "/_100000_/directive.js"
  ],
  "unsafeMathml.defs.ts": [],
  "unsafeMathml.test.ts": [
    "/_100554_/l2/tsTestAST.js"
  ],
  "unsafeMathml.ts": [
    "/_100000_/unsafeHtml.js"
  ],
  "unsafeSvg.defs.ts": [],
  "unsafeSvg.test.ts": [
    "/_100554_/l2/tsTestAST.js"
  ],
  "unsafeSvg.ts": [
    "/_100000_/unsafeHtml.js"
  ],
  "until.defs.ts": [],
  "until.test.ts": [
    "/_100554_/l2/tsTestAST.js"
  ],
  "until.ts": [
    "/_100000_/litHtml.js",
    "/_100000_/asyncDirective.js"
  ],
  "wcTeste.defs.ts": [],
  "wcTeste.test.ts": [
    "/_100554_/l2/tsTestAST.js"
  ],
  "wcTeste.ts": [
    "lit",
    "lit/decorators.js"
  ],
  "when.defs.ts": [],
  "when.test.ts": [
    "/_100554_/l2/tsTestAST.js"
  ],
  "when.ts": []
}