{
  "lastModified": "2026-02-09T13:58:30.899Z",
  "files": [
    {
      "shortPath": "l0/README.md",
      "versionRef": "83754107ffef9998814779703f0b184efbc5ff1b",
      "Length": 14,
      "update_at": "2025-12-03T19:15:19.000Z"
    },
    {
      "shortPath": "l2/asyncAppend.defs.ts",
      "versionRef": "3d2ef85e1680e6d73c044b8e401e1912d7823970",
      "Length": 82,
      "update_at": "2026-02-09T13:46:51.000Z"
    },
    {
      "shortPath": "l2/asyncAppend.html",
      "versionRef": "71b06d18794e1aee5b981288958e58c90ea2ba54",
      "Length": 20,
      "update_at": "2025-12-03T19:16:07.000Z"
    },
    {
      "shortPath": "l2/asyncAppend.less",
      "versionRef": "55bfdd4761ffcb631a20835ef12770ecfd75a5c0",
      "Length": 136,
      "update_at": "2026-02-09T13:46:52.000Z"
    },
    {
      "shortPath": "l2/asyncAppend.test.ts",
      "versionRef": "137f6feec9de1594ab8682be11fb98d26657e2f0",
      "Length": 256,
      "update_at": "2026-02-09T13:46:53.000Z"
    },
    {
      "shortPath": "l2/asyncAppend.ts",
      "versionRef": "ec4123bf7562f8ec4cea3a24b6f03a1c163b49ba",
      "Length": 1948,
      "update_at": "2026-02-09T13:46:55.000Z"
    },
    {
      "shortPath": "l2/asyncDirective.defs.ts",
      "versionRef": "a05f119e3b829bc03c512f75f0cc8012c7933f7c",
      "Length": 85,
      "update_at": "2026-02-09T13:46:56.000Z"
    },
    {
      "shortPath": "l2/asyncDirective.html",
      "versionRef": "82ab44f39780ba700a8ea8e25edc8dd49efe60e5",
      "Length": 23,
      "update_at": "2025-12-03T19:16:11.000Z"
    },
    {
      "shortPath": "l2/asyncDirective.less",
      "versionRef": "e70f1d23d5aaa6c30e8fb703dde5ec47129cef1e",
      "Length": 142,
      "update_at": "2026-02-09T13:46:57.000Z"
    },
    {
      "shortPath": "l2/asyncDirective.test.ts",
      "versionRef": "239b75aff9be79eea3c35c7b0b24af866e0e3bb7",
      "Length": 259,
      "update_at": "2026-02-09T13:46:59.000Z"
    },
    {
      "shortPath": "l2/asyncDirective.ts",
      "versionRef": "03352e3735bb8a945c097027b762568ec30c25e1",
      "Length": 7976,
      "update_at": "2026-02-09T13:47:00.000Z"
    },
    {
      "shortPath": "l2/asyncReplace.defs.ts",
      "versionRef": "5b3faab63e515b319ee71edc2730d114068c47e5",
      "Length": 83,
      "update_at": "2026-02-09T13:47:01.000Z"
    },
    {
      "shortPath": "l2/asyncReplace.html",
      "versionRef": "aac945c642edd84532c54d7e5c1fc79f14eecde0",
      "Length": 21,
      "update_at": "2025-12-03T19:16:15.000Z"
    },
    {
      "shortPath": "l2/asyncReplace.less",
      "versionRef": "926845df69febf03c318ef9eab3f0b26142f68fb",
      "Length": 138,
      "update_at": "2026-02-09T13:47:02.000Z"
    },
    {
      "shortPath": "l2/asyncReplace.test.ts",
      "versionRef": "210efacf9de41bc21e71b58f47f9fac77a23ab6e",
      "Length": 257,
      "update_at": "2026-02-09T13:47:03.000Z"
    },
    {
      "shortPath": "l2/asyncReplace.ts",
      "versionRef": "c6ae2f798060b03b2821af37f61adbdd6bf6ccd7",
      "Length": 1918,
      "update_at": "2026-02-09T13:47:05.000Z"
    },
    {
      "shortPath": "l2/base.defs.ts",
      "versionRef": "31904f96d80bd96a8e9389b705a5002b510f8ab2",
      "Length": 75,
      "update_at": "2026-02-09T13:47:06.000Z"
    },
    {
      "shortPath": "l2/base.html",
      "versionRef": "43483130d88e34fa5afbf48e92b4200a42260434",
      "Length": 13,
      "update_at": "2025-12-03T19:16:19.000Z"
    },
    {
      "shortPath": "l2/base.less",
      "versionRef": "e7f864d2b5513af004bd3b4ec93ea14d1bfcd19b",
      "Length": 121,
      "update_at": "2026-02-09T13:47:07.000Z"
    },
    {
      "shortPath": "l2/base.test.ts",
      "versionRef": "a609bc722344cf52af8ffe5466d17d5d35f1e0a0",
      "Length": 249,
      "update_at": "2026-02-09T13:47:08.000Z"
    },
    {
      "shortPath": "l2/base.ts",
      "versionRef": "6beac0db7b8d4c9ef00d89a1a9bb5fc97489fb1e",
      "Length": 507,
      "update_at": "2026-02-09T13:47:10.000Z"
    },
    {
      "shortPath": "l2/cache.defs.ts",
      "versionRef": "dcf6deb2920ea4ffa71b19868ce29e367cbb65b9",
      "Length": 76,
      "update_at": "2026-02-09T13:47:11.000Z"
    },
    {
      "shortPath": "l2/cache.html",
      "versionRef": "f0b8620dbb4e8438ad8f93ef5cf34e597acf3acb",
      "Length": 14,
      "update_at": "2025-12-03T19:16:23.000Z"
    },
    {
      "shortPath": "l2/cache.less",
      "versionRef": "111f690cfe9334fef7fa242d1f045c7741ddb82b",
      "Length": 123,
      "update_at": "2026-02-09T13:47:12.000Z"
    },
    {
      "shortPath": "l2/cache.test.ts",
      "versionRef": "3adb3552c5c01b852fe0d8a943abc32f0595f166",
      "Length": 250,
      "update_at": "2026-02-09T13:47:13.000Z"
    },
    {
      "shortPath": "l2/cache.ts",
      "versionRef": "f6ffa42467120aa96bfe8b3c51a8104a6a719ec8",
      "Length": 1143,
      "update_at": "2026-02-09T13:47:15.000Z"
    },
    {
      "shortPath": "l2/choose.defs.ts",
      "versionRef": "329d1fe137b39e4042cc9d417e6e153549bbb7bc",
      "Length": 77,
      "update_at": "2026-02-09T13:47:16.000Z"
    },
    {
      "shortPath": "l2/choose.html",
      "versionRef": "6374750b5266bbc542fe2404069f6c068797bdae",
      "Length": 15,
      "update_at": "2025-12-03T19:16:26.000Z"
    },
    {
      "shortPath": "l2/choose.less",
      "versionRef": "e15b623bd8d28ded61cffcd3cc17ad2e22c01a4a",
      "Length": 125,
      "update_at": "2026-02-09T13:47:18.000Z"
    },
    {
      "shortPath": "l2/choose.test.ts",
      "versionRef": "db75c6f159383eb73c8e0c58de0b6dc2b8cf8540",
      "Length": 251,
      "update_at": "2026-02-09T13:47:19.000Z"
    },
    {
      "shortPath": "l2/choose.ts",
      "versionRef": "6c9d417fbf557efb5cde39c33e1ab2dc89964ac1",
      "Length": 1005,
      "update_at": "2026-02-09T13:47:20.000Z"
    },
    {
      "shortPath": "l2/classMap.defs.ts",
      "versionRef": "02c281b589b9b8868e3b5238fd0c3f6286851420",
      "Length": 79,
      "update_at": "2026-02-09T13:47:21.000Z"
    },
    {
      "shortPath": "l2/classMap.html",
      "versionRef": "78d7d41e4c62c60175d754c048fb20476c54fff1",
      "Length": 17,
      "update_at": "2025-12-03T19:16:30.000Z"
    },
    {
      "shortPath": "l2/classMap.less",
      "versionRef": "d34df67f8076e6c585129584f6f65209c6cda4cc",
      "Length": 130,
      "update_at": "2026-02-09T13:47:23.000Z"
    },
    {
      "shortPath": "l2/classMap.test.ts",
      "versionRef": "880344d566eb93ad7ffecfd09d5cf4a29a28c62f",
      "Length": 253,
      "update_at": "2026-02-09T13:47:24.000Z"
    },
    {
      "shortPath": "l2/classMap.ts",
      "versionRef": "e0ef3fbba734169c89a59202f831e029ecb5deb1",
      "Length": 1752,
      "update_at": "2026-02-09T13:47:25.000Z"
    },
    {
      "shortPath": "l2/codeLensLit.defs.ts",
      "versionRef": "79c51468af863639f01369f81383acc120bb7cd0",
      "Length": 82,
      "update_at": "2026-02-09T13:47:26.000Z"
    },
    {
      "shortPath": "l2/codeLensLit.html",
      "versionRef": "9c2be8bed301a73c1227bab5d92c475986214803",
      "Length": 20,
      "update_at": "2026-01-20T13:41:26.000Z"
    },
    {
      "shortPath": "l2/codeLensLit.less",
      "versionRef": "326fe70ddfc970990baf389a71d92ccfbebe973d",
      "Length": 137,
      "update_at": "2026-02-09T13:47:28.000Z"
    },
    {
      "shortPath": "l2/codeLensLit.test.ts",
      "versionRef": "62fe08863d08f167b974d19d8abd92452c806f7e",
      "Length": 256,
      "update_at": "2026-02-09T13:47:29.000Z"
    },
    {
      "shortPath": "l2/codeLensLit.ts",
      "versionRef": "586e9c6e04054cf8adcf920880c9de50b5355c1a",
      "Length": 2368,
      "update_at": "2026-02-09T13:47:30.000Z"
    },
    {
      "shortPath": "l2/collabImport.defs.ts",
      "versionRef": "5deff1b01205e50aeed5550696d12dc4137fba76",
      "Length": 83,
      "update_at": "2026-02-09T13:47:31.000Z"
    },
    {
      "shortPath": "l2/collabImport.html",
      "versionRef": "feb2ed3760c98b1dafb9c9bda96577cc6b74f881",
      "Length": 21,
      "update_at": "2026-01-20T13:41:30.000Z"
    },
    {
      "shortPath": "l2/collabImport.less",
      "versionRef": "d4449cbfc4666353ebd3359d78688fd8811c9190",
      "Length": 138,
      "update_at": "2026-02-09T13:47:32.000Z"
    },
    {
      "shortPath": "l2/collabImport.test.ts",
      "versionRef": "b5b90ce782f5755f877ee43e36eaf6bf75fa2f8b",
      "Length": 257,
      "update_at": "2026-02-09T13:47:34.000Z"
    },
    {
      "shortPath": "l2/collabImport.ts",
      "versionRef": "bfc1f7b292c0bd24bdf3dcd452a510a2981d18a9",
      "Length": 3394,
      "update_at": "2026-02-09T13:47:35.000Z"
    },
    {
      "shortPath": "l2/collabLitElement.defs.ts",
      "versionRef": "9149c49a3c179dbd4775b59a29e7c4c3504f1a10",
      "Length": 87,
      "update_at": "2026-02-09T13:47:36.000Z"
    },
    {
      "shortPath": "l2/collabLitElement.html",
      "versionRef": "455e69ccee01a47041001b1969eb972b6c4d3b50",
      "Length": 25,
      "update_at": "2025-12-04T12:06:32.000Z"
    },
    {
      "shortPath": "l2/collabLitElement.less",
      "versionRef": "fe32cbda668c2c6d836c07d848e662b6f856ecd6",
      "Length": 147,
      "update_at": "2026-02-09T13:47:37.000Z"
    },
    {
      "shortPath": "l2/collabLitElement.test.ts",
      "versionRef": "107abd4e69fb344e8ba136c937c46e3ef5912808",
      "Length": 261,
      "update_at": "2026-02-09T13:47:38.000Z"
    },
    {
      "shortPath": "l2/collabLitElement.ts",
      "versionRef": "4736bee19d34f32a6589198a51607c5766c31ffd",
      "Length": 1840,
      "update_at": "2026-02-09T13:47:40.000Z"
    },
    {
      "shortPath": "l2/collabState.defs.ts",
      "versionRef": "41b201223bb73c85dff970cc5ee6ea23f32714b4",
      "Length": 82,
      "update_at": "2026-02-09T13:47:41.000Z"
    },
    {
      "shortPath": "l2/collabState.html",
      "versionRef": "cfcee580506dc2702bcaca279f45d4fd1832573c",
      "Length": 20,
      "update_at": "2025-12-04T12:06:28.000Z"
    },
    {
      "shortPath": "l2/collabState.less",
      "versionRef": "1d12f086140ddd0e7ad0d5d7b5fba497ad9dc440",
      "Length": 136,
      "update_at": "2026-02-09T13:47:42.000Z"
    },
    {
      "shortPath": "l2/collabState.test.ts",
      "versionRef": "b2b3af74a0084bd7e65f8b98b069deab85825466",
      "Length": 256,
      "update_at": "2026-02-09T13:47:43.000Z"
    },
    {
      "shortPath": "l2/collabState.ts",
      "versionRef": "96e4463ebaf99ff02a0754d251a3031910c9c34b",
      "Length": 14502,
      "update_at": "2026-02-09T13:47:44.000Z"
    },
    {
      "shortPath": "l2/cssTag.defs.ts",
      "versionRef": "ddb18e465c71fd279263641d658e284cdec94ed4",
      "Length": 77,
      "update_at": "2026-02-09T13:47:46.000Z"
    },
    {
      "shortPath": "l2/cssTag.html",
      "versionRef": "739988dad19ae5d08227573a440ca517ab9dad47",
      "Length": 15,
      "update_at": "2025-12-03T19:16:34.000Z"
    },
    {
      "shortPath": "l2/cssTag.less",
      "versionRef": "228c822882d46f2b1997e893b68933e2530ac93a",
      "Length": 126,
      "update_at": "2026-02-09T13:47:47.000Z"
    },
    {
      "shortPath": "l2/cssTag.test.ts",
      "versionRef": "5d2cc81aa28b2aa785467a35e7fe19425870cf4c",
      "Length": 251,
      "update_at": "2026-02-09T13:47:48.000Z"
    },
    {
      "shortPath": "l2/cssTag.ts",
      "versionRef": "ed47b2e4fd213e23452ab81be2fe66f17472c571",
      "Length": 2871,
      "update_at": "2026-02-09T13:47:50.000Z"
    },
    {
      "shortPath": "l2/customElement.defs.ts",
      "versionRef": "6b958e23293fde583908d00d49b400b6f6098373",
      "Length": 84,
      "update_at": "2026-02-09T13:47:51.000Z"
    },
    {
      "shortPath": "l2/customElement.html",
      "versionRef": "f325b35ebc7ea1dbbc44e376fe79dbd6228ce8b0",
      "Length": 22,
      "update_at": "2025-12-03T19:16:37.000Z"
    },
    {
      "shortPath": "l2/customElement.less",
      "versionRef": "490f9101dacdecb571b3a1705193456de8e0aba8",
      "Length": 140,
      "update_at": "2026-02-09T13:47:52.000Z"
    },
    {
      "shortPath": "l2/customElement.test.ts",
      "versionRef": "4a2f449e54c8e64207937c23c05e4693b06e2797",
      "Length": 258,
      "update_at": "2026-02-09T13:47:53.000Z"
    },
    {
      "shortPath": "l2/customElement.ts",
      "versionRef": "5303e81dc169a2fd6b47d9712188144b98b09a05",
      "Length": 995,
      "update_at": "2026-02-09T13:47:54.000Z"
    },
    {
      "shortPath": "l2/decorators.defs.ts",
      "versionRef": "9c417137b1d8b797c57e1dd396a7eea6d9fcbf65",
      "Length": 81,
      "update_at": "2026-02-09T13:47:56.000Z"
    },
    {
      "shortPath": "l2/decorators.html",
      "versionRef": "8a25d909da09d9f6e2c32707a98b14dbd78eb88b",
      "Length": 19,
      "update_at": "2025-12-03T19:16:41.000Z"
    },
    {
      "shortPath": "l2/decorators.less",
      "versionRef": "be57788fa20babea3b95c60848f4398d49301764",
      "Length": 133,
      "update_at": "2026-02-09T13:47:57.000Z"
    },
    {
      "shortPath": "l2/decorators.test.ts",
      "versionRef": "7ff91d5ca7aeda592115a126e1bfc09f63d552e7",
      "Length": 255,
      "update_at": "2026-02-09T13:47:58.000Z"
    },
    {
      "shortPath": "l2/decorators.ts",
      "versionRef": "a15afdafef9a875d3d5ab247b83d322520affdc2",
      "Length": 573,
      "update_at": "2026-02-09T13:47:59.000Z"
    },
    {
      "shortPath": "l2/designSystem.defs.ts",
      "versionRef": "f2dbdbe6b20af90275ebc7f4f1d02ca14a91431e",
      "Length": 83,
      "update_at": "2026-02-09T13:48:00.000Z"
    },
    {
      "shortPath": "l2/designSystem.html",
      "versionRef": "407e94c1cf19a0a3117d9d391bd2a1dcb58b4471",
      "Length": 21,
      "update_at": "2025-12-03T19:16:45.000Z"
    },
    {
      "shortPath": "l2/designSystem.less",
      "versionRef": "50e7105896d704a5a4ef941cb39563137c9eb6b1",
      "Length": 138,
      "update_at": "2026-02-09T13:48:02.000Z"
    },
    {
      "shortPath": "l2/designSystem.test.ts",
      "versionRef": "a8b55cd91a50c23b7b9481772969e317b76d1619",
      "Length": 257,
      "update_at": "2026-02-09T13:48:03.000Z"
    },
    {
      "shortPath": "l2/designSystem.ts",
      "versionRef": "f1a73222e6d024a43bf01ff5710ded04e248cc17",
      "Length": 16168,
      "update_at": "2026-02-09T13:48:04.000Z"
    },
    {
      "shortPath": "l2/designSystemBase.defs.ts",
      "versionRef": "c5e6a273cdabbe3cc007d497afb87430627d8cbf",
      "Length": 87,
      "update_at": "2026-02-09T13:48:05.000Z"
    },
    {
      "shortPath": "l2/designSystemBase.html",
      "versionRef": "886b075b1bd8bfbd9cfdad5aabaafce049aa0fb5",
      "Length": 25,
      "update_at": "2026-01-20T13:41:34.000Z"
    },
    {
      "shortPath": "l2/designSystemBase.less",
      "versionRef": "c582b6af815d6af418959c085539e29ccfc2eed6",
      "Length": 147,
      "update_at": "2026-02-09T13:48:07.000Z"
    },
    {
      "shortPath": "l2/designSystemBase.test.ts",
      "versionRef": "0fa6ff7780f20f63340aec8d304384bab7697caa",
      "Length": 261,
      "update_at": "2026-02-09T13:48:08.000Z"
    },
    {
      "shortPath": "l2/designSystemBase.ts",
      "versionRef": "39db2cf15738a6e7a831710fd0903ef90565c190",
      "Length": 8096,
      "update_at": "2026-02-09T13:48:09.000Z"
    },
    {
      "shortPath": "l2/directive.defs.ts",
      "versionRef": "2ed69dda961840798c88ccdd2de1def9850e2329",
      "Length": 80,
      "update_at": "2026-02-09T13:48:11.000Z"
    },
    {
      "shortPath": "l2/directive.html",
      "versionRef": "8d54d7fb4ac55e745d9a6da83770cd3ccdfe12e3",
      "Length": 18,
      "update_at": "2025-12-03T19:16:48.000Z"
    },
    {
      "shortPath": "l2/directive.less",
      "versionRef": "4a887ed688550c71b9df374b4ccd555335bea4f0",
      "Length": 131,
      "update_at": "2026-02-09T13:48:12.000Z"
    },
    {
      "shortPath": "l2/directive.test.ts",
      "versionRef": "05f14fbf1c81674f1bfc497b76263dfcdf1f7c56",
      "Length": 254,
      "update_at": "2026-02-09T13:48:13.000Z"
    },
    {
      "shortPath": "l2/directive.ts",
      "versionRef": "3b57ed7b7c5e6cc96de23d81755ac3cd40e3d1da",
      "Length": 2614,
      "update_at": "2026-02-09T13:48:15.000Z"
    },
    {
      "shortPath": "l2/directiveHelpers.defs.ts",
      "versionRef": "a7d4d29b190736fbe69f648adca4928e75c70c8b",
      "Length": 87,
      "update_at": "2026-02-09T13:48:16.000Z"
    },
    {
      "shortPath": "l2/directiveHelpers.html",
      "versionRef": "ec0aaa13e299c8cd460430f3f9b949431bbcc7b3",
      "Length": 25,
      "update_at": "2025-12-03T19:16:52.000Z"
    },
    {
      "shortPath": "l2/directiveHelpers.less",
      "versionRef": "c172bac96870f2acb5b6a0970f0a17af3b8ea417",
      "Length": 146,
      "update_at": "2026-02-09T13:48:17.000Z"
    },
    {
      "shortPath": "l2/directiveHelpers.test.ts",
      "versionRef": "a58be7ea4735e29b4d070abd48bf7656c1d54724",
      "Length": 261,
      "update_at": "2026-02-09T13:48:19.000Z"
    },
    {
      "shortPath": "l2/directiveHelpers.ts",
      "versionRef": "4d23dd906f1848878186a05d833e25bb8ea7bc20",
      "Length": 5156,
      "update_at": "2026-02-09T13:48:20.000Z"
    },
    {
      "shortPath": "l2/enhancementLit.defs.ts",
      "versionRef": "f4185a23b6641141fdc7e9d419046af122653019",
      "Length": 85,
      "update_at": "2026-02-09T13:54:19.000Z"
    },
    {
      "shortPath": "l2/enhancementLit.html",
      "versionRef": "b33ee7b56e2d1d622bd96d6dace5dbcd3f15064b",
      "Length": 23,
      "update_at": "2025-12-03T19:16:56.000Z"
    },
    {
      "shortPath": "l2/enhancementLit.less",
      "versionRef": "b615bec4c27947bf5d38cc7f5dfb8b11fd9af748",
      "Length": 142,
      "update_at": "2026-02-09T13:54:20.000Z"
    },
    {
      "shortPath": "l2/enhancementLit.test.ts",
      "versionRef": "51ee609c5ba862d7362b8397fa18d9e308d37e3b",
      "Length": 259,
      "update_at": "2026-02-09T13:54:22.000Z"
    },
    {
      "shortPath": "l2/enhancementLit.ts",
      "versionRef": "1b58766734beed80069db80f14a0823aece1b147",
      "Length": 2728,
      "update_at": "2026-02-09T13:54:23.000Z"
    },
    {
      "shortPath": "l2/eventOptions.defs.ts",
      "versionRef": "3b3174b50a66cce0a69922d576b44ff63b1d92e1",
      "Length": 83,
      "update_at": "2026-02-09T13:54:25.000Z"
    },
    {
      "shortPath": "l2/eventOptions.html",
      "versionRef": "6beb09ad1de239611071458ea2ab003a83ba17a6",
      "Length": 21,
      "update_at": "2025-12-03T19:17:00.000Z"
    },
    {
      "shortPath": "l2/eventOptions.less",
      "versionRef": "f707292777b4c53c315755b769d3b7a4b72af135",
      "Length": 138,
      "update_at": "2026-02-09T13:54:26.000Z"
    },
    {
      "shortPath": "l2/eventOptions.test.ts",
      "versionRef": "2de9cb47f2bcb18ad6ae0c7605ac713b99a33ecc",
      "Length": 257,
      "update_at": "2026-02-09T13:54:27.000Z"
    },
    {
      "shortPath": "l2/eventOptions.ts",
      "versionRef": "9541d61b42708c35de80c5e98a705249fa7b57bb",
      "Length": 1417,
      "update_at": "2026-02-09T13:54:29.000Z"
    },
    {
      "shortPath": "l2/guard.defs.ts",
      "versionRef": "580ef01b846b4170cadc138af3aa14a5887c3312",
      "Length": 76,
      "update_at": "2026-02-09T13:54:30.000Z"
    },
    {
      "shortPath": "l2/guard.html",
      "versionRef": "0da09868c9a6c96f15f80585ea3567ce8714d87a",
      "Length": 14,
      "update_at": "2025-12-03T19:17:04.000Z"
    },
    {
      "shortPath": "l2/guard.less",
      "versionRef": "0baba277923026863b3a2bcdcf62cc2fbbb9efe0",
      "Length": 123,
      "update_at": "2026-02-09T13:54:31.000Z"
    },
    {
      "shortPath": "l2/guard.test.ts",
      "versionRef": "87e92a60a5fa0c91147881ad2d7e7602c7188781",
      "Length": 250,
      "update_at": "2026-02-09T13:54:33.000Z"
    },
    {
      "shortPath": "l2/guard.ts",
      "versionRef": "550b225c17aed1ab382ab599127d98f96024da65",
      "Length": 1906,
      "update_at": "2026-02-09T13:54:34.000Z"
    },
    {
      "shortPath": "l2/ifDefined.defs.ts",
      "versionRef": "5bf234587943238be8b8ae7abbc05709a8d12003",
      "Length": 80,
      "update_at": "2026-02-09T13:54:35.000Z"
    },
    {
      "shortPath": "l2/ifDefined.html",
      "versionRef": "086f031be804d4521a72a728c23f846a18719055",
      "Length": 18,
      "update_at": "2025-12-03T19:17:07.000Z"
    },
    {
      "shortPath": "l2/ifDefined.less",
      "versionRef": "a5643a3200742c4cc4badd579889b6adc3efb011",
      "Length": 132,
      "update_at": "2026-02-09T13:54:36.000Z"
    },
    {
      "shortPath": "l2/ifDefined.test.ts",
      "versionRef": "e282873f68f49a4d83c9462899eff2f9457f6855",
      "Length": 254,
      "update_at": "2026-02-09T13:54:38.000Z"
    },
    {
      "shortPath": "l2/ifDefined.ts",
      "versionRef": "9770b8db7d6593ca9c92edaf2880005d8d57232f",
      "Length": 523,
      "update_at": "2026-02-09T13:54:39.000Z"
    },
    {
      "shortPath": "l2/isServer.defs.ts",
      "versionRef": "a159da7f432ffdd884bf5c3cab72a24f34725cd6",
      "Length": 79,
      "update_at": "2026-02-09T13:54:41.000Z"
    },
    {
      "shortPath": "l2/isServer.html",
      "versionRef": "d67dad9cfd086ccf4ca69c5c4246a09c06e8659f",
      "Length": 17,
      "update_at": "2025-12-03T19:17:11.000Z"
    },
    {
      "shortPath": "l2/isServer.less",
      "versionRef": "6362d72f2e5d737abd9b49054ac87d87edbe56ef",
      "Length": 130,
      "update_at": "2026-02-09T13:54:42.000Z"
    },
    {
      "shortPath": "l2/isServer.test.ts",
      "versionRef": "681abfa991a833211a0109130931f32bd8eac4df",
      "Length": 253,
      "update_at": "2026-02-09T13:54:44.000Z"
    },
    {
      "shortPath": "l2/isServer.ts",
      "versionRef": "cab3428ba8977b482250ff0de7edcea4bd8cf76b",
      "Length": 614,
      "update_at": "2026-02-09T13:54:45.000Z"
    },
    {
      "shortPath": "l2/join.defs.ts",
      "versionRef": "59092ba80eda0a57921e49300ab684d1ffa36bc6",
      "Length": 75,
      "update_at": "2026-02-09T13:54:46.000Z"
    },
    {
      "shortPath": "l2/join.html",
      "versionRef": "0cc8eccad674b4e7e2d5c4fe508ba8a3499ade37",
      "Length": 13,
      "update_at": "2025-12-03T19:17:15.000Z"
    },
    {
      "shortPath": "l2/join.less",
      "versionRef": "211acbd13bc01351edaf6c26c2ed269d6b2025f1",
      "Length": 121,
      "update_at": "2026-02-09T13:54:47.000Z"
    },
    {
      "shortPath": "l2/join.test.ts",
      "versionRef": "c3c0ce50978fb03e9862320ccec8f7beb0357385",
      "Length": 249,
      "update_at": "2026-02-09T13:54:49.000Z"
    },
    {
      "shortPath": "l2/join.ts",
      "versionRef": "2af1dccb763c19fa2b491bab7f8db3a4a42d951d",
      "Length": 644,
      "update_at": "2026-02-09T13:54:50.000Z"
    },
    {
      "shortPath": "l2/keyed.defs.ts",
      "versionRef": "1a2b225dad7d77b438983b03ebf637b9cf63a3ed",
      "Length": 76,
      "update_at": "2026-02-09T13:54:51.000Z"
    },
    {
      "shortPath": "l2/keyed.html",
      "versionRef": "a17d4a9ac0a7d8e3b216ae5d78d1815904c44848",
      "Length": 14,
      "update_at": "2025-12-03T19:17:19.000Z"
    },
    {
      "shortPath": "l2/keyed.less",
      "versionRef": "f9357be3f0b735e37849d2a0180e638d59e746f9",
      "Length": 123,
      "update_at": "2026-02-09T13:54:52.000Z"
    },
    {
      "shortPath": "l2/keyed.test.ts",
      "versionRef": "33d69f197ef6b36f9b878865cb6977607dfa2d71",
      "Length": 250,
      "update_at": "2026-02-09T13:54:53.000Z"
    },
    {
      "shortPath": "l2/keyed.ts",
      "versionRef": "f12c19916aed43e097ae3d2a2253c184552d8773",
      "Length": 1124,
      "update_at": "2026-02-09T13:54:55.000Z"
    },
    {
      "shortPath": "l2/libCompileStyle.defs.ts",
      "versionRef": "b3734f2a4b1ff326007a0c51ffcc0fd830d75423",
      "Length": 86,
      "update_at": "2026-02-09T13:54:56.000Z"
    },
    {
      "shortPath": "l2/libCompileStyle.html",
      "versionRef": "0685af09bdf989674060008767694ab647aa03ba",
      "Length": 24,
      "update_at": "2026-01-20T13:41:37.000Z"
    },
    {
      "shortPath": "l2/libCompileStyle.less",
      "versionRef": "a517c3bac59a06cc7e099a8fa3ba18cc01684b10",
      "Length": 145,
      "update_at": "2026-02-09T13:54:57.000Z"
    },
    {
      "shortPath": "l2/libCompileStyle.test.ts",
      "versionRef": "ed2947ffbaa3b0cd3672ee888c20b404cdf129eb",
      "Length": 260,
      "update_at": "2026-02-09T13:54:59.000Z"
    },
    {
      "shortPath": "l2/libCompileStyle.ts",
      "versionRef": "6eca74324da99facef1800e6ce6393f8d380d272",
      "Length": 3818,
      "update_at": "2026-02-09T13:55:00.000Z"
    },
    {
      "shortPath": "l2/litElement.defs.ts",
      "versionRef": "1db44e6617f1c81f19f33f33d23e38ff0ce98494",
      "Length": 81,
      "update_at": "2026-02-09T13:55:01.000Z"
    },
    {
      "shortPath": "l2/litElement.html",
      "versionRef": "a73b79b8360c2e523727ad97269b352998ffe15d",
      "Length": 19,
      "update_at": "2025-12-03T19:17:22.000Z"
    },
    {
      "shortPath": "l2/litElement.less",
      "versionRef": "581ca726f6787da78fde0f777dca5dfb137fb9b8",
      "Length": 134,
      "update_at": "2026-02-09T13:55:02.000Z"
    },
    {
      "shortPath": "l2/litElement.test.ts",
      "versionRef": "4599ea363afbf8394a17255c922d7b7b2ab852aa",
      "Length": 255,
      "update_at": "2026-02-09T13:55:03.000Z"
    },
    {
      "shortPath": "l2/litElement.ts",
      "versionRef": "75e51f42fd73b45b42abd248bb5bb05104f4e175",
      "Length": 7098,
      "update_at": "2026-02-09T13:55:05.000Z"
    },
    {
      "shortPath": "l2/litHtml.defs.ts",
      "versionRef": "df191bf20a82adbfeb2757fb809e8e75b332f540",
      "Length": 78,
      "update_at": "2026-02-09T13:55:06.000Z"
    },
    {
      "shortPath": "l2/litHtml.html",
      "versionRef": "052b2e85a46b326ed7e08496d013038a41f5089e",
      "Length": 16,
      "update_at": "2025-12-03T19:17:26.000Z"
    },
    {
      "shortPath": "l2/litHtml.less",
      "versionRef": "139fb2c915ec15ad79fd3fadcfb392167037901d",
      "Length": 128,
      "update_at": "2026-02-09T13:55:08.000Z"
    },
    {
      "shortPath": "l2/litHtml.test.ts",
      "versionRef": "24723a4493fefef96e4c567d14c4aeef157b773d",
      "Length": 252,
      "update_at": "2026-02-09T13:55:09.000Z"
    },
    {
      "shortPath": "l2/litHtml.ts",
      "versionRef": "28eff8d29bf4eff94d3b145312ea5f73366b7276",
      "Length": 25103,
      "update_at": "2026-02-09T13:55:10.000Z"
    },
    {
      "shortPath": "l2/live.defs.ts",
      "versionRef": "6154a32dc7412874d70101a4e521b465368b57e5",
      "Length": 75,
      "update_at": "2026-02-09T13:55:11.000Z"
    },
    {
      "shortPath": "l2/live.html",
      "versionRef": "28216377e6acff8bf9bc6e46c4a244d9f64ca3a3",
      "Length": 13,
      "update_at": "2025-12-03T19:17:29.000Z"
    },
    {
      "shortPath": "l2/live.less",
      "versionRef": "90bc811451561f198d47715631717cbca36bba5e",
      "Length": 121,
      "update_at": "2026-02-09T13:55:13.000Z"
    },
    {
      "shortPath": "l2/live.test.ts",
      "versionRef": "e201b0c26cfa200fcb83cd1872d328a91b24dbb0",
      "Length": 249,
      "update_at": "2026-02-09T13:55:14.000Z"
    },
    {
      "shortPath": "l2/live.ts",
      "versionRef": "35e7f84c49c402c5a30e5ee49f0e09721246fbc3",
      "Length": 1957,
      "update_at": "2026-02-09T13:55:15.000Z"
    },
    {
      "shortPath": "l2/map.defs.ts",
      "versionRef": "0a65a443161b1b6cb1096fa9c4ac0403f42d94fe",
      "Length": 74,
      "update_at": "2026-02-09T13:55:17.000Z"
    },
    {
      "shortPath": "l2/map.html",
      "versionRef": "9f13b4fe079a2be39e5927b7e855d10870d2e738",
      "Length": 12,
      "update_at": "2025-12-03T19:17:33.000Z"
    },
    {
      "shortPath": "l2/map.less",
      "versionRef": "acce6911d0559ca44bf9850330e7e3ba8d385102",
      "Length": 119,
      "update_at": "2026-02-09T13:55:18.000Z"
    },
    {
      "shortPath": "l2/map.test.ts",
      "versionRef": "d84911974765465470b33286ad40a95c16a28e25",
      "Length": 248,
      "update_at": "2026-02-09T13:55:19.000Z"
    },
    {
      "shortPath": "l2/map.ts",
      "versionRef": "af673d1cf89d0576267e76f19500de8a957dcae8",
      "Length": 593,
      "update_at": "2026-02-09T13:55:20.000Z"
    },
    {
      "shortPath": "l2/polyfillSupport.defs.ts",
      "versionRef": "9cdd38f534355e9cf8f5d773af78939bf2e8ca6e",
      "Length": 86,
      "update_at": "2026-02-09T13:55:22.000Z"
    },
    {
      "shortPath": "l2/polyfillSupport.html",
      "versionRef": "1266cb1e0a90ef732ae085deb538ed64329fb0ef",
      "Length": 24,
      "update_at": "2025-12-03T19:17:36.000Z"
    },
    {
      "shortPath": "l2/polyfillSupport.less",
      "versionRef": "7d47aef88a9082b85e7b988ddda4ea9c0037e003",
      "Length": 144,
      "update_at": "2026-02-09T13:55:23.000Z"
    },
    {
      "shortPath": "l2/polyfillSupport.test.ts",
      "versionRef": "87f63d37a8ccd933795679009318c713cfd4caf0",
      "Length": 260,
      "update_at": "2026-02-09T13:55:24.000Z"
    },
    {
      "shortPath": "l2/polyfillSupport.ts",
      "versionRef": "76d96503b61388f79b0162c3966f9352563fec27",
      "Length": 714,
      "update_at": "2026-02-09T13:55:26.000Z"
    },
    {
      "shortPath": "l2/privateAsyncHelpers.defs.ts",
      "versionRef": "d9326e797a93d4274997fe57d029a4ebf03a568c",
      "Length": 90,
      "update_at": "2026-02-09T13:55:27.000Z"
    },
    {
      "shortPath": "l2/privateAsyncHelpers.html",
      "versionRef": "fd9360f39e05f7d7f94e5acc8a07e1caef597af8",
      "Length": 28,
      "update_at": "2025-12-03T19:17:40.000Z"
    },
    {
      "shortPath": "l2/privateAsyncHelpers.less",
      "versionRef": "614dc927dd3cc77f31b115b909942f70b2df75e3",
      "Length": 153,
      "update_at": "2026-02-09T13:55:29.000Z"
    },
    {
      "shortPath": "l2/privateAsyncHelpers.test.ts",
      "versionRef": "3146acfdc6463a83cd5017ab17645062b1d7e973",
      "Length": 264,
      "update_at": "2026-02-09T13:55:30.000Z"
    },
    {
      "shortPath": "l2/privateAsyncHelpers.ts",
      "versionRef": "163b6d76ff259e49e09b383abe6209f551a7bd98",
      "Length": 2027,
      "update_at": "2026-02-09T13:55:31.000Z"
    },
    {
      "shortPath": "l2/privateSsrSupport.defs.ts",
      "versionRef": "71f9767a0d837c37c21faefa2a18c65edb034d9e",
      "Length": 88,
      "update_at": "2026-02-09T13:55:32.000Z"
    },
    {
      "shortPath": "l2/privateSsrSupport.html",
      "versionRef": "19e7fb0bed956f536e2c3dfbf4ab814f4d55d47d",
      "Length": 26,
      "update_at": "2025-12-03T19:17:44.000Z"
    },
    {
      "shortPath": "l2/privateSsrSupport.less",
      "versionRef": "a690bc19a443a261196b130f8d05dde4705d5d7e",
      "Length": 149,
      "update_at": "2026-02-09T13:55:34.000Z"
    },
    {
      "shortPath": "l2/privateSsrSupport.test.ts",
      "versionRef": "78ebbc4c6677fb0491fcb30834d711c721490a67",
      "Length": 262,
      "update_at": "2026-02-09T13:55:35.000Z"
    },
    {
      "shortPath": "l2/privateSsrSupport.ts",
      "versionRef": "81d033ba8dd14aaf878326016a449de526b2c356",
      "Length": 3141,
      "update_at": "2026-02-09T13:55:36.000Z"
    },
    {
      "shortPath": "l2/processCssLit.defs.ts",
      "versionRef": "0802315220f2b87a15626076dcb7adf5d5cac732",
      "Length": 84,
      "update_at": "2026-02-09T13:55:37.000Z"
    },
    {
      "shortPath": "l2/processCssLit.html",
      "versionRef": "037b420af5c9ef8270537acdc91d075a10c98478",
      "Length": 22,
      "update_at": "2026-01-20T13:41:41.000Z"
    },
    {
      "shortPath": "l2/processCssLit.less",
      "versionRef": "5d535fcae6b9efd9e777214fc0afc842bff8e904",
      "Length": 141,
      "update_at": "2026-02-09T13:55:39.000Z"
    },
    {
      "shortPath": "l2/processCssLit.test.ts",
      "versionRef": "a45bca5f42f6d9c410e68397d5c7c53ce6e2d6b3",
      "Length": 258,
      "update_at": "2026-02-09T13:55:40.000Z"
    },
    {
      "shortPath": "l2/processCssLit.ts",
      "versionRef": "1fec1ffc804d530cf9506470f1e6d6e4a76f946d",
      "Length": 4627,
      "update_at": "2026-02-09T13:55:41.000Z"
    },
    {
      "shortPath": "l2/project.defs.ts",
      "versionRef": "b8bed74fb3f71f071f323ef4f84db8e8220e9314",
      "Length": 78,
      "update_at": "2026-02-09T13:55:42.000Z"
    },
    {
      "shortPath": "l2/project.html",
      "versionRef": "88a90cf32ef33346febb29387541246b1be9a2e0",
      "Length": 16,
      "update_at": "2025-12-03T19:17:47.000Z"
    },
    {
      "shortPath": "l2/project.less",
      "versionRef": "463346b770e28460ef4fdaad8191ff399057f4cb",
      "Length": 127,
      "update_at": "2026-02-09T13:55:44.000Z"
    },
    {
      "shortPath": "l2/project.test.ts",
      "versionRef": "3fdb3875658d9d5e0a96f10ff0533eb3ccaf7e8e",
      "Length": 252,
      "update_at": "2026-02-09T13:55:45.000Z"
    },
    {
      "shortPath": "l2/project.ts",
      "versionRef": "b499fede6fc2ace2fa68f167461c4e214ad9e863",
      "Length": 315,
      "update_at": "2026-02-09T13:55:46.000Z"
    },
    {
      "shortPath": "l2/property.defs.ts",
      "versionRef": "a18552354bd20386610061bfedc2b9955649b697",
      "Length": 79,
      "update_at": "2026-02-09T13:55:47.000Z"
    },
    {
      "shortPath": "l2/property.html",
      "versionRef": "1321e3e1e2d98a7263d16816a93329282b6116d6",
      "Length": 17,
      "update_at": "2025-12-03T19:17:51.000Z"
    },
    {
      "shortPath": "l2/property.less",
      "versionRef": "587fa8d05d952ad63be53ab37c9cc45ce0733f41",
      "Length": 129,
      "update_at": "2026-02-09T13:55:48.000Z"
    },
    {
      "shortPath": "l2/property.test.ts",
      "versionRef": "a2ed07580708a58b39ec7cde7ba705b8a1435fff",
      "Length": 253,
      "update_at": "2026-02-09T13:55:50.000Z"
    },
    {
      "shortPath": "l2/property.ts",
      "versionRef": "501313af4628f37d20b0e20ad72c45f1d98c2a97",
      "Length": 2939,
      "update_at": "2026-02-09T13:55:51.000Z"
    },
    {
      "shortPath": "l2/propiertiesLit.defs.ts",
      "versionRef": "4b1f9db52fcb47d143bed5c5f89217e719880fde",
      "Length": 85,
      "update_at": "2026-02-09T13:55:52.000Z"
    },
    {
      "shortPath": "l2/propiertiesLit.html",
      "versionRef": "0a00178c68905a6aadefeb3d2191aa792a10ee15",
      "Length": 23,
      "update_at": "2026-01-20T13:41:45.000Z"
    },
    {
      "shortPath": "l2/propiertiesLit.less",
      "versionRef": "7680bf4a58524fa68bd9aba742298f88aab373aa",
      "Length": 142,
      "update_at": "2026-02-09T13:55:53.000Z"
    },
    {
      "shortPath": "l2/propiertiesLit.test.ts",
      "versionRef": "7544932d8e6f93b8eb971bdc85dd496faeec517b",
      "Length": 259,
      "update_at": "2026-02-09T13:55:54.000Z"
    },
    {
      "shortPath": "l2/propiertiesLit.ts",
      "versionRef": "756fb2bd03cd619ecca42ae14b121a15e5f542f9",
      "Length": 8153,
      "update_at": "2026-02-09T13:55:56.000Z"
    },
    {
      "shortPath": "l2/query.defs.ts",
      "versionRef": "efab9349fdfde9592b37c2783363957658993330",
      "Length": 76,
      "update_at": "2026-02-09T13:55:57.000Z"
    },
    {
      "shortPath": "l2/query.html",
      "versionRef": "1738b98e400bb17dbf96a607aa32b73dc91a4591",
      "Length": 14,
      "update_at": "2025-12-03T19:17:55.000Z"
    },
    {
      "shortPath": "l2/query.less",
      "versionRef": "77b109a3c0de454a7ab043def6c8153698a8afae",
      "Length": 123,
      "update_at": "2026-02-09T13:55:59.000Z"
    },
    {
      "shortPath": "l2/query.test.ts",
      "versionRef": "38328006be29f506150c524a96c108a8d38b1960",
      "Length": 250,
      "update_at": "2026-02-09T13:56:00.000Z"
    },
    {
      "shortPath": "l2/query.ts",
      "versionRef": "d3f8ff06d895f5c0d14e1904107af360e89de3a4",
      "Length": 1393,
      "update_at": "2026-02-09T13:56:01.000Z"
    },
    {
      "shortPath": "l2/queryAll.defs.ts",
      "versionRef": "190e2cabe12c4ecac496f3076aeeff1fc825582d",
      "Length": 79,
      "update_at": "2026-02-09T13:56:02.000Z"
    },
    {
      "shortPath": "l2/queryAll.html",
      "versionRef": "3098ff8944bbfc400d707588676419bc5a45686d",
      "Length": 17,
      "update_at": "2025-12-03T19:17:58.000Z"
    },
    {
      "shortPath": "l2/queryAll.less",
      "versionRef": "a99210b96cccb01848b7497cea7c8cc82888045e",
      "Length": 130,
      "update_at": "2026-02-09T13:56:03.000Z"
    },
    {
      "shortPath": "l2/queryAll.test.ts",
      "versionRef": "be7ac563c73d640720b3b78e42a57755a41995cb",
      "Length": 253,
      "update_at": "2026-02-09T13:56:05.000Z"
    },
    {
      "shortPath": "l2/queryAll.ts",
      "versionRef": "188a275af6fae173e7486b17791d8b61684c375d",
      "Length": 1291,
      "update_at": "2026-02-09T13:56:06.000Z"
    },
    {
      "shortPath": "l2/queryAssignedElements.defs.ts",
      "versionRef": "5d2ba6780f6567a4622d4c3f443e1efedb8eb5b4",
      "Length": 92,
      "update_at": "2026-02-09T13:56:07.000Z"
    },
    {
      "shortPath": "l2/queryAssignedElements.html",
      "versionRef": "9829248c9427936425822d860b011504373e028a",
      "Length": 30,
      "update_at": "2025-12-03T19:18:02.000Z"
    },
    {
      "shortPath": "l2/queryAssignedElements.less",
      "versionRef": "ade2e8f72d668ee461d902e47e70832a83e59924",
      "Length": 157,
      "update_at": "2026-02-09T13:56:08.000Z"
    },
    {
      "shortPath": "l2/queryAssignedElements.test.ts",
      "versionRef": "d1228c2ad04711dd0f2c9a1f417b7ce80e8cb933",
      "Length": 266,
      "update_at": "2026-02-09T13:56:10.000Z"
    },
    {
      "shortPath": "l2/queryAssignedElements.ts",
      "versionRef": "234456c6ebe40891f452990a43b41022c0a64d89",
      "Length": 2248,
      "update_at": "2026-02-09T13:56:11.000Z"
    },
    {
      "shortPath": "l2/queryAssignedNodes.defs.ts",
      "versionRef": "cae040f59d26d5149300ab812681f3af415f686b",
      "Length": 89,
      "update_at": "2026-02-09T13:56:12.000Z"
    },
    {
      "shortPath": "l2/queryAssignedNodes.html",
      "versionRef": "5e23e0ef448658f292a54ca13f37e24d194f1783",
      "Length": 27,
      "update_at": "2025-12-03T19:18:05.000Z"
    },
    {
      "shortPath": "l2/queryAssignedNodes.less",
      "versionRef": "c4845f399368a73c9205575c55bab555ced4c99c",
      "Length": 151,
      "update_at": "2026-02-09T13:56:13.000Z"
    },
    {
      "shortPath": "l2/queryAssignedNodes.test.ts",
      "versionRef": "11ecbdd6c12340e6ba241c6137b02c0ca844c737",
      "Length": 263,
      "update_at": "2026-02-09T13:56:15.000Z"
    },
    {
      "shortPath": "l2/queryAssignedNodes.ts",
      "versionRef": "c678a2999d5c1cbfece8ef68e3f9a98f0b2811a8",
      "Length": 1897,
      "update_at": "2026-02-09T13:56:16.000Z"
    },
    {
      "shortPath": "l2/queryAsync.defs.ts",
      "versionRef": "af36f47ff839a3c9d4e25b8a7f7903ae1dabd1ea",
      "Length": 81,
      "update_at": "2026-02-09T13:56:17.000Z"
    },
    {
      "shortPath": "l2/queryAsync.html",
      "versionRef": "4b42dcd145bfff7e1e354cca64d711c947dcfeed",
      "Length": 19,
      "update_at": "2025-12-03T19:18:09.000Z"
    },
    {
      "shortPath": "l2/queryAsync.less",
      "versionRef": "e6968036c28c868adc65f18e3217f74a5ccebaf5",
      "Length": 134,
      "update_at": "2026-02-09T13:56:19.000Z"
    },
    {
      "shortPath": "l2/queryAsync.test.ts",
      "versionRef": "f8ac4cc9a04dd3e12f7c94cb6b904e6016dbe4d4",
      "Length": 255,
      "update_at": "2026-02-09T13:56:20.000Z"
    },
    {
      "shortPath": "l2/queryAsync.ts",
      "versionRef": "71987a1b10afbe945521c504bcfa4aa1944636c6",
      "Length": 1700,
      "update_at": "2026-02-09T13:56:21.000Z"
    },
    {
      "shortPath": "l2/range.defs.ts",
      "versionRef": "8b2e9a6601e86afd2157a3ee6ff77f57fdcefb63",
      "Length": 76,
      "update_at": "2026-02-09T13:56:22.000Z"
    },
    {
      "shortPath": "l2/range.html",
      "versionRef": "96e00cd6c444040215bfbc4a430c3869e7155f09",
      "Length": 14,
      "update_at": "2025-12-03T19:18:12.000Z"
    },
    {
      "shortPath": "l2/range.less",
      "versionRef": "20d5533de6190de1ab7cbc3635fb2daaa418af21",
      "Length": 123,
      "update_at": "2026-02-09T13:56:24.000Z"
    },
    {
      "shortPath": "l2/range.test.ts",
      "versionRef": "483f9c39277375467eefbfabe0189254fcf7a9ef",
      "Length": 250,
      "update_at": "2026-02-09T13:56:25.000Z"
    },
    {
      "shortPath": "l2/range.ts",
      "versionRef": "299040dba7a8bc44ed18819f319db025d5025d17",
      "Length": 674,
      "update_at": "2026-02-09T13:56:26.000Z"
    },
    {
      "shortPath": "l2/reactiveController.defs.ts",
      "versionRef": "50686259349f8997da38580e03285825c4d48fc6",
      "Length": 89,
      "update_at": "2026-02-09T13:56:27.000Z"
    },
    {
      "shortPath": "l2/reactiveController.html",
      "versionRef": "253c66e426f2592b9b9b3cb36a03212ed71665c0",
      "Length": 27,
      "update_at": "2025-12-03T19:18:16.000Z"
    },
    {
      "shortPath": "l2/reactiveController.less",
      "versionRef": "62c3865b43d8123217fd13956dbbfadee83c3844",
      "Length": 150,
      "update_at": "2026-02-09T13:56:28.000Z"
    },
    {
      "shortPath": "l2/reactiveController.test.ts",
      "versionRef": "04250e70a945619caaedc7aa091323afd13bc191",
      "Length": 263,
      "update_at": "2026-02-09T13:56:30.000Z"
    },
    {
      "shortPath": "l2/reactiveController.ts",
      "versionRef": "0e698ff35df624dff826b8032ce1998249caa162",
      "Length": 3032,
      "update_at": "2026-02-09T13:56:31.000Z"
    },
    {
      "shortPath": "l2/reactiveElement.defs.ts",
      "versionRef": "b509cffcdb85fdb8b21befd41e3a8dd29f43141c",
      "Length": 86,
      "update_at": "2026-02-09T13:56:32.000Z"
    },
    {
      "shortPath": "l2/reactiveElement.html",
      "versionRef": "98b82c574d1786dc4495d5d0c83bf7232d0c8fb9",
      "Length": 24,
      "update_at": "2025-12-03T19:18:20.000Z"
    },
    {
      "shortPath": "l2/reactiveElement.less",
      "versionRef": "29b37aeb97453ada72e7a3a5abf9ec54304e1f4f",
      "Length": 144,
      "update_at": "2026-02-09T13:56:33.000Z"
    },
    {
      "shortPath": "l2/reactiveElement.test.ts",
      "versionRef": "ee881aadec14930466a142337cbf3a15ffb66b35",
      "Length": 260,
      "update_at": "2026-02-09T13:56:35.000Z"
    },
    {
      "shortPath": "l2/reactiveElement.ts",
      "versionRef": "ccac7ac2768db0032d04a4242f3a5b881aca6d0f",
      "Length": 30604,
      "update_at": "2026-02-09T13:56:37.000Z"
    },
    {
      "shortPath": "l2/ref.defs.ts",
      "versionRef": "d466da2109cc7ceb3ffa9e428e60527b6d4545e4",
      "Length": 74,
      "update_at": "2026-02-09T13:56:38.000Z"
    },
    {
      "shortPath": "l2/ref.html",
      "versionRef": "941b04d3acb14c720e9cae4551d865b6e75d45ba",
      "Length": 12,
      "update_at": "2025-12-03T19:18:23.000Z"
    },
    {
      "shortPath": "l2/ref.less",
      "versionRef": "a8737c6776a7a059c3f7fe7e3255ba094ebc8062",
      "Length": 119,
      "update_at": "2026-02-09T13:56:39.000Z"
    },
    {
      "shortPath": "l2/ref.test.ts",
      "versionRef": "f768845ba2923eb220b386367a79f9b8f65c0cbd",
      "Length": 248,
      "update_at": "2026-02-09T13:56:41.000Z"
    },
    {
      "shortPath": "l2/ref.ts",
      "versionRef": "9b9c1a4ec35320cc1b3e6ac2eaf72eac37ff8514",
      "Length": 2345,
      "update_at": "2026-02-09T13:56:42.000Z"
    },
    {
      "shortPath": "l2/repeat.defs.ts",
      "versionRef": "73d46f0523456cbeaf1c72121bc602ad39a672e7",
      "Length": 77,
      "update_at": "2026-02-09T13:56:43.000Z"
    },
    {
      "shortPath": "l2/repeat.html",
      "versionRef": "2be6b1f1be0c9399bad32f961ab04830a38e4208",
      "Length": 15,
      "update_at": "2025-12-03T19:18:27.000Z"
    },
    {
      "shortPath": "l2/repeat.less",
      "versionRef": "5b5cbcf5c431686c4b3af1399264a34bc92c71ba",
      "Length": 125,
      "update_at": "2026-02-09T13:56:44.000Z"
    },
    {
      "shortPath": "l2/repeat.test.ts",
      "versionRef": "1f75b3fc05b009ec79ef126383bcd6a4acb38a9d",
      "Length": 251,
      "update_at": "2026-02-09T13:56:46.000Z"
    },
    {
      "shortPath": "l2/repeat.ts",
      "versionRef": "d2d6b4cd72cf5516b5a89507e427a8682f479c3a",
      "Length": 2769,
      "update_at": "2026-02-09T13:56:47.000Z"
    },
    {
      "shortPath": "l2/state.defs.ts",
      "versionRef": "673cbf75075dc94ea69841105698cace8bf254d5",
      "Length": 76,
      "update_at": "2026-02-09T13:56:48.000Z"
    },
    {
      "shortPath": "l2/state.html",
      "versionRef": "2fe40b81d3207804f1594498c42afa0bb9879d06",
      "Length": 14,
      "update_at": "2025-12-03T19:18:30.000Z"
    },
    {
      "shortPath": "l2/state.less",
      "versionRef": "b12fa0d9f7ee7ba5f32e8974ac776ab810f4b011",
      "Length": 123,
      "update_at": "2026-02-09T13:56:49.000Z"
    },
    {
      "shortPath": "l2/state.test.ts",
      "versionRef": "42a4943c7f6ee0a91ef9d7f99cc5c6ad32ad141a",
      "Length": 250,
      "update_at": "2026-02-09T13:56:51.000Z"
    },
    {
      "shortPath": "l2/state.ts",
      "versionRef": "f00ee4d075a328c3f740c7464234386393aa1211",
      "Length": 1205,
      "update_at": "2026-02-09T13:56:52.000Z"
    },
    {
      "shortPath": "l2/static.defs.ts",
      "versionRef": "bfcc3e55e07bcfb87829a5ab5222ce42f6347b67",
      "Length": 77,
      "update_at": "2026-02-09T13:56:53.000Z"
    },
    {
      "shortPath": "l2/static.html",
      "versionRef": "cec42bcae54dc4c6c7202703259e4147a66b1432",
      "Length": 15,
      "update_at": "2025-12-03T19:18:34.000Z"
    },
    {
      "shortPath": "l2/static.less",
      "versionRef": "ec0320e9dd320d52278d57a15a7ab297be783d31",
      "Length": 125,
      "update_at": "2026-02-09T13:56:54.000Z"
    },
    {
      "shortPath": "l2/static.test.ts",
      "versionRef": "ff4f692d5b2370ad367dac2074b12e4d8bb02050",
      "Length": 251,
      "update_at": "2026-02-09T13:56:56.000Z"
    },
    {
      "shortPath": "l2/static.ts",
      "versionRef": "c8aa640b4842b4aa9a7c27695308d25727a62b4f",
      "Length": 3655,
      "update_at": "2026-02-09T13:56:57.000Z"
    },
    {
      "shortPath": "l2/styleMap.defs.ts",
      "versionRef": "aa61cb00b88273943a2206c5ab02070a77b2875c",
      "Length": 79,
      "update_at": "2026-02-09T13:56:58.000Z"
    },
    {
      "shortPath": "l2/styleMap.html",
      "versionRef": "75b33358360f61483025f6f2d7015cd03e875cb6",
      "Length": 17,
      "update_at": "2025-12-03T19:18:37.000Z"
    },
    {
      "shortPath": "l2/styleMap.less",
      "versionRef": "680837e2136d201667f9d70bb8a34e6e843dd995",
      "Length": 130,
      "update_at": "2026-02-09T13:57:00.000Z"
    },
    {
      "shortPath": "l2/styleMap.test.ts",
      "versionRef": "86d377d1046db8c09937c5c52bd91238ea82cb9c",
      "Length": 253,
      "update_at": "2026-02-09T13:57:01.000Z"
    },
    {
      "shortPath": "l2/styleMap.ts",
      "versionRef": "efaddba248130e0920d4dad3b811b659e7665883",
      "Length": 2249,
      "update_at": "2026-02-09T13:57:02.000Z"
    },
    {
      "shortPath": "l2/templateContent.defs.ts",
      "versionRef": "36e6f0037e0b255c06679ce58d21056b62950b06",
      "Length": 86,
      "update_at": "2026-02-09T13:57:03.000Z"
    },
    {
      "shortPath": "l2/templateContent.html",
      "versionRef": "3e05e1dedff2faed984760cd78c9bff832cb4880",
      "Length": 24,
      "update_at": "2025-12-03T19:18:41.000Z"
    },
    {
      "shortPath": "l2/templateContent.less",
      "versionRef": "61e2dd2042f1b0bd441d288c858b561205d98791",
      "Length": 144,
      "update_at": "2026-02-09T13:57:05.000Z"
    },
    {
      "shortPath": "l2/templateContent.test.ts",
      "versionRef": "1912738c3ebf9419a5754b2f90b3048e59342a22",
      "Length": 260,
      "update_at": "2026-02-09T13:57:06.000Z"
    },
    {
      "shortPath": "l2/templateContent.ts",
      "versionRef": "0722c6baf50c4d5867d30df8e9f4b7d838a6111c",
      "Length": 1117,
      "update_at": "2026-02-09T13:57:07.000Z"
    },
    {
      "shortPath": "l2/unsafeHtml.defs.ts",
      "versionRef": "3e399042a2d6a6c8fc8bbe50eca0774d752b432b",
      "Length": 81,
      "update_at": "2026-02-09T13:57:08.000Z"
    },
    {
      "shortPath": "l2/unsafeHtml.html",
      "versionRef": "f7281d318fbd9d44a3a9c1f0783e8124794904d9",
      "Length": 19,
      "update_at": "2025-12-03T19:18:44.000Z"
    },
    {
      "shortPath": "l2/unsafeHtml.less",
      "versionRef": "5eff2faba17d1ad153c62f5d67d6033236643f22",
      "Length": 134,
      "update_at": "2026-02-09T13:57:10.000Z"
    },
    {
      "shortPath": "l2/unsafeHtml.test.ts",
      "versionRef": "7a6e1dd00355a60d71fcb96e2e96392b7eeec394",
      "Length": 255,
      "update_at": "2026-02-09T13:57:11.000Z"
    },
    {
      "shortPath": "l2/unsafeHtml.ts",
      "versionRef": "74beec8c9e492f18e3bb9171186e60556b752d2a",
      "Length": 1240,
      "update_at": "2026-02-09T13:57:12.000Z"
    },
    {
      "shortPath": "l2/unsafeMathml.defs.ts",
      "versionRef": "292f803c8934abb186cef3aa9dba4bd6118834b5",
      "Length": 83,
      "update_at": "2026-02-09T13:57:14.000Z"
    },
    {
      "shortPath": "l2/unsafeMathml.html",
      "versionRef": "a5271edc2683f62bbe5d7fc31b85bd2d8c5cef23",
      "Length": 21,
      "update_at": "2025-12-03T19:18:48.000Z"
    },
    {
      "shortPath": "l2/unsafeMathml.less",
      "versionRef": "284aa8c97b5ffee00be79b54d5f4376b00fa3046",
      "Length": 138,
      "update_at": "2026-02-09T13:57:15.000Z"
    },
    {
      "shortPath": "l2/unsafeMathml.test.ts",
      "versionRef": "57c841707c537ddedcbab42e3b5204169957e182",
      "Length": 257,
      "update_at": "2026-02-09T13:57:16.000Z"
    },
    {
      "shortPath": "l2/unsafeMathml.ts",
      "versionRef": "0dd761c64f58695bb91dcc5ea05717937be7e8dc",
      "Length": 1185,
      "update_at": "2026-02-09T13:57:17.000Z"
    },
    {
      "shortPath": "l2/unsafeSvg.defs.ts",
      "versionRef": "625b577bf315b0c71a96a09ec40cb94ecff85d0d",
      "Length": 80,
      "update_at": "2026-02-09T13:57:18.000Z"
    },
    {
      "shortPath": "l2/unsafeSvg.html",
      "versionRef": "5ba1b484459e091958fdbe3d4a8c2c99bfe45796",
      "Length": 18,
      "update_at": "2025-12-03T19:18:52.000Z"
    },
    {
      "shortPath": "l2/unsafeSvg.less",
      "versionRef": "42637f119902696df6c9480576e982368a720d3b",
      "Length": 132,
      "update_at": "2026-02-09T13:57:20.000Z"
    },
    {
      "shortPath": "l2/unsafeSvg.test.ts",
      "versionRef": "1738f7ec6b5865c3d432971c9691294f7014d682",
      "Length": 254,
      "update_at": "2026-02-09T13:57:21.000Z"
    },
    {
      "shortPath": "l2/unsafeSvg.ts",
      "versionRef": "16d9f8fb6f538cea06b5f0e2ae30e9137a24f77e",
      "Length": 1141,
      "update_at": "2026-02-09T13:57:22.000Z"
    },
    {
      "shortPath": "l2/until.defs.ts",
      "versionRef": "f49b8f61632cec5286fa6bfb32409c3639a8809a",
      "Length": 76,
      "update_at": "2026-02-09T13:57:24.000Z"
    },
    {
      "shortPath": "l2/until.html",
      "versionRef": "47d5813ba8382701ef5e1b1b4284f9593b51e030",
      "Length": 14,
      "update_at": "2025-12-03T19:18:55.000Z"
    },
    {
      "shortPath": "l2/until.less",
      "versionRef": "f61309e87f742e21cde37b2697cdbbaf7eb73d17",
      "Length": 123,
      "update_at": "2026-02-09T13:57:25.000Z"
    },
    {
      "shortPath": "l2/until.test.ts",
      "versionRef": "d9e2deb7513434f5d0947e908479654ff2fb7684",
      "Length": 250,
      "update_at": "2026-02-09T13:57:26.000Z"
    },
    {
      "shortPath": "l2/until.ts",
      "versionRef": "ea168dfedbfc3ab5ed8d1711a9e852c1bc9e3a83",
      "Length": 1736,
      "update_at": "2026-02-09T13:57:27.000Z"
    },
    {
      "shortPath": "l2/utils.defs.ts",
      "versionRef": "88f5a91a2b8d29e91faad84e0921d2edc395a4da",
      "Length": 76,
      "update_at": "2026-02-09T13:57:29.000Z"
    },
    {
      "shortPath": "l2/utils.html",
      "versionRef": "a80dc4e99098a08fc07332715571b0cdfe033de3",
      "Length": 14,
      "update_at": "2026-01-20T13:41:48.000Z"
    },
    {
      "shortPath": "l2/utils.less",
      "versionRef": "b216f2b9fc5a94ac8a7fef65513f1feb6de9fa8c",
      "Length": 123,
      "update_at": "2026-02-09T13:57:30.000Z"
    },
    {
      "shortPath": "l2/utils.test.ts",
      "versionRef": "4833d8be9935d208a931a871cbd2906bc0e9c93b",
      "Length": 250,
      "update_at": "2026-02-09T13:57:31.000Z"
    },
    {
      "shortPath": "l2/utils.ts",
      "versionRef": "58f99c94ba17804bb67573fed22aafa3bb910be3",
      "Length": 1937,
      "update_at": "2026-02-09T13:57:33.000Z"
    },
    {
      "shortPath": "l2/validateLit.defs.ts",
      "versionRef": "3c1ede37ddc5a8de6b4971da18ebf7e2f226bb93",
      "Length": 82,
      "update_at": "2026-02-09T13:57:34.000Z"
    },
    {
      "shortPath": "l2/validateLit.html",
      "versionRef": "3d5cfbf438b1883c0df8af311c4b3aafc7770e29",
      "Length": 20,
      "update_at": "2026-01-20T13:41:52.000Z"
    },
    {
      "shortPath": "l2/validateLit.less",
      "versionRef": "d650e4f4de3824ae1b75e3a88b83978f5307bd23",
      "Length": 136,
      "update_at": "2026-02-09T13:57:35.000Z"
    },
    {
      "shortPath": "l2/validateLit.test.ts",
      "versionRef": "9e4d809e8e62e74d0a6185c75cbf68e62d638444",
      "Length": 256,
      "update_at": "2026-02-09T13:57:37.000Z"
    },
    {
      "shortPath": "l2/validateLit.ts",
      "versionRef": "f5733533abeccd71ff86589eac3a60c655ee061f",
      "Length": 4994,
      "update_at": "2026-02-09T13:57:38.000Z"
    },
    {
      "shortPath": "l2/wcTeste.defs.ts",
      "versionRef": "a9136cb2e4da52eaa098764c550c0fc008583370",
      "Length": 78,
      "update_at": "2026-02-09T13:57:39.000Z"
    },
    {
      "shortPath": "l2/wcTeste.html",
      "versionRef": "10e58e82055d02ee85df697bb20bc3a49486de17",
      "Length": 35,
      "update_at": "2025-12-03T19:18:59.000Z"
    },
    {
      "shortPath": "l2/wcTeste.less",
      "versionRef": "82d56839ac2ac305f51b88d01b21519ea6d3e363",
      "Length": 128,
      "update_at": "2026-02-09T13:57:40.000Z"
    },
    {
      "shortPath": "l2/wcTeste.test.ts",
      "versionRef": "b623c321c6cb3a1f92e97a400b8adb79c25cfcd1",
      "Length": 252,
      "update_at": "2026-02-09T13:57:42.000Z"
    },
    {
      "shortPath": "l2/wcTeste.ts",
      "versionRef": "bfd3942953fd963e15aae218b2597d3e4562db3c",
      "Length": 484,
      "update_at": "2026-02-09T13:57:43.000Z"
    },
    {
      "shortPath": "l2/when.defs.ts",
      "versionRef": "62897b97ec1dd450a8d1405a42cd41997ae3d985",
      "Length": 75,
      "update_at": "2026-02-09T13:57:44.000Z"
    },
    {
      "shortPath": "l2/when.html",
      "versionRef": "240063456a93af3919af605f61837dc9f899ed97",
      "Length": 13,
      "update_at": "2025-12-03T19:19:02.000Z"
    },
    {
      "shortPath": "l2/when.less",
      "versionRef": "e49b7be46842d6ceeeb0bd5e9806cb622b1dee8f",
      "Length": 83,
      "update_at": "2026-02-09T13:57:45.000Z"
    },
    {
      "shortPath": "l2/when.test.ts",
      "versionRef": "c090b76096653cb2db17ef5918b3a7d0eb431c1c",
      "Length": 249,
      "update_at": "2026-02-09T13:57:47.000Z"
    },
    {
      "shortPath": "l2/when.ts",
      "versionRef": "d5b4dec83469f29045f25fc60939978076af2ccd",
      "Length": 1168,
      "update_at": "2026-02-09T13:57:48.000Z"
    },
    {
      "shortPath": "l5/project.json",
      "versionRef": "dd83bc42f62f3501e7ace249f2769b1dc75a71c1",
      "Length": 375,
      "update_at": "2025-12-03T19:19:05.000Z"
    },
    {
      "shortPath": "l0/package.json",
      "versionRef": "1eae3ada68da69bb986e4ee9d26130c75c019d86",
      "Length": 470,
      "update_at": "2025-12-03T19:15:21.000Z"
    },
    {
      "shortPath": "l0/tsconfig.json",
      "versionRef": "f631a300b5933b05930cd9f4bcd1b72ee38178e4",
      "Length": 1042,
      "update_at": "2025-12-04T19:25:20.000Z"
    }
  ]
}