{
  "lastModified": "2025-12-03T19:20:05.492Z",
  "files": [
    {
      "shortPath": "l0/README.md",
      "versionRef": "83754107ffef9998814779703f0b184efbc5ff1b",
      "Length": 14,
      "update_at": "2025-12-03T19:15:19.000Z"
    },
    {
      "shortPath": "l2/asyncAppend.defs.ts",
      "versionRef": "918ba5dda3b9464402e5bc65e66d7769cd5b3aac",
      "Length": 85,
      "update_at": "2025-12-03T19:16:06.000Z"
    },
    {
      "shortPath": "l2/asyncAppend.html",
      "versionRef": "71b06d18794e1aee5b981288958e58c90ea2ba54",
      "Length": 20,
      "update_at": "2025-12-03T19:16:07.000Z"
    },
    {
      "shortPath": "l2/asyncAppend.less",
      "versionRef": "4d6a09d0d62f07a83190efb8ccc5a34696316bdd",
      "Length": 142,
      "update_at": "2025-12-03T19:16:08.000Z"
    },
    {
      "shortPath": "l2/asyncAppend.test.ts",
      "versionRef": "2cf87020edd85cf87810443bbd861a958a55fd92",
      "Length": 259,
      "update_at": "2025-12-03T19:16:09.000Z"
    },
    {
      "shortPath": "l2/asyncAppend.ts",
      "versionRef": "84253085e49beabd75424ecc231d17d7c0156810",
      "Length": 1975,
      "update_at": "2025-12-03T19:16:09.000Z"
    },
    {
      "shortPath": "l2/asyncDirective.defs.ts",
      "versionRef": "31e72a4b13a8bef38aad731dff45c6745c5fd999",
      "Length": 88,
      "update_at": "2025-12-03T19:16:10.000Z"
    },
    {
      "shortPath": "l2/asyncDirective.html",
      "versionRef": "82ab44f39780ba700a8ea8e25edc8dd49efe60e5",
      "Length": 23,
      "update_at": "2025-12-03T19:16:11.000Z"
    },
    {
      "shortPath": "l2/asyncDirective.less",
      "versionRef": "1c0c0ce007b2400503c1cf7a91ade9b103d0585a",
      "Length": 148,
      "update_at": "2025-12-03T19:16:12.000Z"
    },
    {
      "shortPath": "l2/asyncDirective.test.ts",
      "versionRef": "0cbddcc1089f4b14079abc2a1e186ee4a337c4bb",
      "Length": 262,
      "update_at": "2025-12-03T19:16:12.000Z"
    },
    {
      "shortPath": "l2/asyncDirective.ts",
      "versionRef": "8429ad452b595e2922b4266a22226d4f35ebcff6",
      "Length": 8009,
      "update_at": "2025-12-03T19:16:13.000Z"
    },
    {
      "shortPath": "l2/asyncReplace.defs.ts",
      "versionRef": "8e051ad3662ec89ccefbe95181312ca1422b4bbe",
      "Length": 86,
      "update_at": "2025-12-03T19:16:14.000Z"
    },
    {
      "shortPath": "l2/asyncReplace.html",
      "versionRef": "aac945c642edd84532c54d7e5c1fc79f14eecde0",
      "Length": 21,
      "update_at": "2025-12-03T19:16:15.000Z"
    },
    {
      "shortPath": "l2/asyncReplace.less",
      "versionRef": "ecc8f579d1c400a9e6e6ce30a58236fa04196915",
      "Length": 144,
      "update_at": "2025-12-03T19:16:16.000Z"
    },
    {
      "shortPath": "l2/asyncReplace.test.ts",
      "versionRef": "8a5b5db7026beebe2e55054ce20628f3195c8f95",
      "Length": 260,
      "update_at": "2025-12-03T19:16:17.000Z"
    },
    {
      "shortPath": "l2/asyncReplace.ts",
      "versionRef": "aeab2c095dcee3208bb5a07cbef0e3507d0eee31",
      "Length": 1949,
      "update_at": "2025-12-03T19:16:18.000Z"
    },
    {
      "shortPath": "l2/base.defs.ts",
      "versionRef": "82eedf8273959062038e8fa20fe3b651c9e33219",
      "Length": 78,
      "update_at": "2025-12-03T19:16:18.000Z"
    },
    {
      "shortPath": "l2/base.html",
      "versionRef": "43483130d88e34fa5afbf48e92b4200a42260434",
      "Length": 13,
      "update_at": "2025-12-03T19:16:19.000Z"
    },
    {
      "shortPath": "l2/base.less",
      "versionRef": "c8fdf2b2e7801bce9d595459ef98c73a69ccfc1d",
      "Length": 127,
      "update_at": "2025-12-03T19:16:20.000Z"
    },
    {
      "shortPath": "l2/base.test.ts",
      "versionRef": "cdaadf21e4c50817de583e13979156cc6d44f228",
      "Length": 252,
      "update_at": "2025-12-03T19:16:20.000Z"
    },
    {
      "shortPath": "l2/base.ts",
      "versionRef": "ef348df02271bc2d26115772762860271b1bd802",
      "Length": 505,
      "update_at": "2025-12-03T19:16:21.000Z"
    },
    {
      "shortPath": "l2/cache.defs.ts",
      "versionRef": "6422f0ae050c7a83fdfd05128520968a1f558aa7",
      "Length": 79,
      "update_at": "2025-12-03T19:16:22.000Z"
    },
    {
      "shortPath": "l2/cache.html",
      "versionRef": "f0b8620dbb4e8438ad8f93ef5cf34e597acf3acb",
      "Length": 14,
      "update_at": "2025-12-03T19:16:23.000Z"
    },
    {
      "shortPath": "l2/cache.less",
      "versionRef": "a844a3da4f99529589228302e4ed5e7cde2c177c",
      "Length": 129,
      "update_at": "2025-12-03T19:16:23.000Z"
    },
    {
      "shortPath": "l2/cache.test.ts",
      "versionRef": "828e513f1d9ffb4c24f62f503e2aa327726a22d5",
      "Length": 253,
      "update_at": "2025-12-03T19:16:24.000Z"
    },
    {
      "shortPath": "l2/cache.ts",
      "versionRef": "5408b0caa70ddc1ffd926bff02e6e9e8073aea2c",
      "Length": 1132,
      "update_at": "2025-12-03T19:16:25.000Z"
    },
    {
      "shortPath": "l2/choose.defs.ts",
      "versionRef": "19f64f0d622f30338cbde959b9ee0649ea0b561b",
      "Length": 80,
      "update_at": "2025-12-03T19:16:25.000Z"
    },
    {
      "shortPath": "l2/choose.html",
      "versionRef": "6374750b5266bbc542fe2404069f6c068797bdae",
      "Length": 15,
      "update_at": "2025-12-03T19:16:26.000Z"
    },
    {
      "shortPath": "l2/choose.less",
      "versionRef": "a8a385bd3ede76027b6be9addfcd1a1299894c0f",
      "Length": 131,
      "update_at": "2025-12-03T19:16:27.000Z"
    },
    {
      "shortPath": "l2/choose.test.ts",
      "versionRef": "1b5675775cd4aedbbc5ff8fee3f7e1a6144754a5",
      "Length": 254,
      "update_at": "2025-12-03T19:16:28.000Z"
    },
    {
      "shortPath": "l2/choose.ts",
      "versionRef": "b4aaab41393065c608854c8c0c34531cc3ca7999",
      "Length": 1002,
      "update_at": "2025-12-03T19:16:28.000Z"
    },
    {
      "shortPath": "l2/classMap.defs.ts",
      "versionRef": "a89eadb027c180c905b8ce849ad478ba9497c09f",
      "Length": 82,
      "update_at": "2025-12-03T19:16:29.000Z"
    },
    {
      "shortPath": "l2/classMap.html",
      "versionRef": "78d7d41e4c62c60175d754c048fb20476c54fff1",
      "Length": 17,
      "update_at": "2025-12-03T19:16:30.000Z"
    },
    {
      "shortPath": "l2/classMap.less",
      "versionRef": "9728f3e8fe0eb6f453cc90e5e24de828ceec1f1d",
      "Length": 136,
      "update_at": "2025-12-03T19:16:31.000Z"
    },
    {
      "shortPath": "l2/classMap.test.ts",
      "versionRef": "70b13cd7e2231662a56b29c0b7e64d0822797dcb",
      "Length": 256,
      "update_at": "2025-12-03T19:16:32.000Z"
    },
    {
      "shortPath": "l2/classMap.ts",
      "versionRef": "435667c626ed028a2e45f51a39aab9e49836e3b0",
      "Length": 1741,
      "update_at": "2025-12-03T19:16:32.000Z"
    },
    {
      "shortPath": "l2/cssTag.defs.ts",
      "versionRef": "b5ff708d83b815c1f3ffe4836018544299624679",
      "Length": 80,
      "update_at": "2025-12-03T19:16:33.000Z"
    },
    {
      "shortPath": "l2/cssTag.html",
      "versionRef": "739988dad19ae5d08227573a440ca517ab9dad47",
      "Length": 15,
      "update_at": "2025-12-03T19:16:34.000Z"
    },
    {
      "shortPath": "l2/cssTag.less",
      "versionRef": "3a30e2e85c40e0b55867e42791c7e5f558d798f5",
      "Length": 132,
      "update_at": "2025-12-03T19:16:34.000Z"
    },
    {
      "shortPath": "l2/cssTag.test.ts",
      "versionRef": "e1a92da56db61c23415132ccd82459cc281db5c9",
      "Length": 254,
      "update_at": "2025-12-03T19:16:35.000Z"
    },
    {
      "shortPath": "l2/cssTag.ts",
      "versionRef": "746086487a57c19184931156d2487b344229cb35",
      "Length": 2868,
      "update_at": "2025-12-03T19:16:36.000Z"
    },
    {
      "shortPath": "l2/customElement.defs.ts",
      "versionRef": "c72c346a621de86102879018e60a034306fbfaed",
      "Length": 87,
      "update_at": "2025-12-03T19:16:37.000Z"
    },
    {
      "shortPath": "l2/customElement.html",
      "versionRef": "f325b35ebc7ea1dbbc44e376fe79dbd6228ce8b0",
      "Length": 22,
      "update_at": "2025-12-03T19:16:37.000Z"
    },
    {
      "shortPath": "l2/customElement.less",
      "versionRef": "118e12398897cb428dea783281c3ab42bac58f02",
      "Length": 146,
      "update_at": "2025-12-03T19:16:38.000Z"
    },
    {
      "shortPath": "l2/customElement.test.ts",
      "versionRef": "2f85621a800637e6563ceb7128fba2392fea845c",
      "Length": 261,
      "update_at": "2025-12-03T19:16:39.000Z"
    },
    {
      "shortPath": "l2/customElement.ts",
      "versionRef": "c2bdcc3cb5aabb52fb47cac891acfaaf7f3411d2",
      "Length": 990,
      "update_at": "2025-12-03T19:16:40.000Z"
    },
    {
      "shortPath": "l2/decorators.defs.ts",
      "versionRef": "b8fe54211315465ae6a6c96ba1ce052505bfcf25",
      "Length": 84,
      "update_at": "2025-12-03T19:16:40.000Z"
    },
    {
      "shortPath": "l2/decorators.html",
      "versionRef": "8a25d909da09d9f6e2c32707a98b14dbd78eb88b",
      "Length": 19,
      "update_at": "2025-12-03T19:16:41.000Z"
    },
    {
      "shortPath": "l2/decorators.less",
      "versionRef": "a5c22d9450bfc2156948763aec1b26ace9fc6373",
      "Length": 139,
      "update_at": "2025-12-03T19:16:42.000Z"
    },
    {
      "shortPath": "l2/decorators.test.ts",
      "versionRef": "52a5b23f795e80d0059e252eeb07ca7aad6c4b49",
      "Length": 258,
      "update_at": "2025-12-03T19:16:42.000Z"
    },
    {
      "shortPath": "l2/decorators.ts",
      "versionRef": "319488ed0e3b3b591585ca466b1ab48876b509d0",
      "Length": 543,
      "update_at": "2025-12-03T19:16:43.000Z"
    },
    {
      "shortPath": "l2/designSystem.defs.ts",
      "versionRef": "91cb77e8cbdb0e865f7d765275d6bc9f84ed6d14",
      "Length": 86,
      "update_at": "2025-12-03T19:16:44.000Z"
    },
    {
      "shortPath": "l2/designSystem.html",
      "versionRef": "407e94c1cf19a0a3117d9d391bd2a1dcb58b4471",
      "Length": 21,
      "update_at": "2025-12-03T19:16:45.000Z"
    },
    {
      "shortPath": "l2/designSystem.less",
      "versionRef": "5041425621dc345c6c8f48d43210470c2e89d5c9",
      "Length": 144,
      "update_at": "2025-12-03T19:16:45.000Z"
    },
    {
      "shortPath": "l2/designSystem.test.ts",
      "versionRef": "c1d50cffac21dc554f763744ccf37030ac722360",
      "Length": 260,
      "update_at": "2025-12-03T19:16:46.000Z"
    },
    {
      "shortPath": "l2/designSystem.ts",
      "versionRef": "f38520df998c8f08368a1278158e7af4151c6652",
      "Length": 16178,
      "update_at": "2025-12-03T19:16:47.000Z"
    },
    {
      "shortPath": "l2/directive.defs.ts",
      "versionRef": "94e6d5ee042f59b870aa7de58de39c1f60ee0f83",
      "Length": 83,
      "update_at": "2025-12-03T19:16:47.000Z"
    },
    {
      "shortPath": "l2/directive.html",
      "versionRef": "8d54d7fb4ac55e745d9a6da83770cd3ccdfe12e3",
      "Length": 18,
      "update_at": "2025-12-03T19:16:48.000Z"
    },
    {
      "shortPath": "l2/directive.less",
      "versionRef": "c894e92b24afed6a66cb6ec6a8bed0e754fe485c",
      "Length": 137,
      "update_at": "2025-12-03T19:16:49.000Z"
    },
    {
      "shortPath": "l2/directive.test.ts",
      "versionRef": "9ebe4187a3f6466768823ff4b1c63241f260a970",
      "Length": 257,
      "update_at": "2025-12-03T19:16:50.000Z"
    },
    {
      "shortPath": "l2/directive.ts",
      "versionRef": "d603421183b38cf193093b6f8973c2a727b7fe94",
      "Length": 2642,
      "update_at": "2025-12-03T19:16:50.000Z"
    },
    {
      "shortPath": "l2/directiveHelpers.defs.ts",
      "versionRef": "56a2e7887dbc64df15b27b7a3e3ee7da671c7367",
      "Length": 90,
      "update_at": "2025-12-03T19:16:51.000Z"
    },
    {
      "shortPath": "l2/directiveHelpers.html",
      "versionRef": "ec0aaa13e299c8cd460430f3f9b949431bbcc7b3",
      "Length": 25,
      "update_at": "2025-12-03T19:16:52.000Z"
    },
    {
      "shortPath": "l2/directiveHelpers.less",
      "versionRef": "052635ded8813a4079d26d6c8b4a5076df886f91",
      "Length": 152,
      "update_at": "2025-12-03T19:16:52.000Z"
    },
    {
      "shortPath": "l2/directiveHelpers.test.ts",
      "versionRef": "87802a3780ced640b14f4ba129fb52e7e17e6bb6",
      "Length": 264,
      "update_at": "2025-12-03T19:16:53.000Z"
    },
    {
      "shortPath": "l2/directiveHelpers.ts",
      "versionRef": "4d76e1aeaafcb60df72ca708e715f6fe65cbacb7",
      "Length": 5143,
      "update_at": "2025-12-03T19:16:54.000Z"
    },
    {
      "shortPath": "l2/enhancementLit.defs.ts",
      "versionRef": "a221ae34217ee60e102e6e4b642ecb5c0ec02ad0",
      "Length": 88,
      "update_at": "2025-12-03T19:16:55.000Z"
    },
    {
      "shortPath": "l2/enhancementLit.html",
      "versionRef": "b33ee7b56e2d1d622bd96d6dace5dbcd3f15064b",
      "Length": 23,
      "update_at": "2025-12-03T19:16:56.000Z"
    },
    {
      "shortPath": "l2/enhancementLit.less",
      "versionRef": "a7f61731574383914c2e36ba63af12a19287cf2a",
      "Length": 148,
      "update_at": "2025-12-03T19:16:56.000Z"
    },
    {
      "shortPath": "l2/enhancementLit.test.ts",
      "versionRef": "9d6e7f84265dbb606664e0f91c0b37a45f898b28",
      "Length": 262,
      "update_at": "2025-12-03T19:16:58.000Z"
    },
    {
      "shortPath": "l2/enhancementLit.ts",
      "versionRef": "77019b27369e93a82f6cea32b4dc3edb6def887c",
      "Length": 2769,
      "update_at": "2025-12-03T19:16:58.000Z"
    },
    {
      "shortPath": "l2/eventOptions.defs.ts",
      "versionRef": "2f6b5373552e9580ebf2ca20e110a69c6e609a1d",
      "Length": 86,
      "update_at": "2025-12-03T19:16:59.000Z"
    },
    {
      "shortPath": "l2/eventOptions.html",
      "versionRef": "6beb09ad1de239611071458ea2ab003a83ba17a6",
      "Length": 21,
      "update_at": "2025-12-03T19:17:00.000Z"
    },
    {
      "shortPath": "l2/eventOptions.less",
      "versionRef": "967972fb895065e2bba120fb6cbfdd89dea8ab2a",
      "Length": 144,
      "update_at": "2025-12-03T19:17:01.000Z"
    },
    {
      "shortPath": "l2/eventOptions.test.ts",
      "versionRef": "1d6489335b04b2d0d49580e2c7030f724e22359f",
      "Length": 260,
      "update_at": "2025-12-03T19:17:01.000Z"
    },
    {
      "shortPath": "l2/eventOptions.ts",
      "versionRef": "a89078ce3f4c872e1b0ce5738112c4a358347d23",
      "Length": 1408,
      "update_at": "2025-12-03T19:17:02.000Z"
    },
    {
      "shortPath": "l2/guard.defs.ts",
      "versionRef": "299583b5215c7673e2fb7ce8fdb6067756ca105a",
      "Length": 79,
      "update_at": "2025-12-03T19:17:03.000Z"
    },
    {
      "shortPath": "l2/guard.html",
      "versionRef": "0da09868c9a6c96f15f80585ea3567ce8714d87a",
      "Length": 14,
      "update_at": "2025-12-03T19:17:04.000Z"
    },
    {
      "shortPath": "l2/guard.less",
      "versionRef": "78c2f97345c47d3c5124f41d310c7f911fcb2c39",
      "Length": 129,
      "update_at": "2025-12-03T19:17:04.000Z"
    },
    {
      "shortPath": "l2/guard.test.ts",
      "versionRef": "1392b411f90ed7234a6fb5202b64bc6d2bb9dc09",
      "Length": 253,
      "update_at": "2025-12-03T19:17:05.000Z"
    },
    {
      "shortPath": "l2/guard.ts",
      "versionRef": "01f835c951e487562224b8cd7e7a029262ec84da",
      "Length": 1895,
      "update_at": "2025-12-03T19:17:06.000Z"
    },
    {
      "shortPath": "l2/ifDefined.defs.ts",
      "versionRef": "f4e50e6fe2994eba57a28afb6903f07f09b83c47",
      "Length": 83,
      "update_at": "2025-12-03T19:17:07.000Z"
    },
    {
      "shortPath": "l2/ifDefined.html",
      "versionRef": "086f031be804d4521a72a728c23f846a18719055",
      "Length": 18,
      "update_at": "2025-12-03T19:17:07.000Z"
    },
    {
      "shortPath": "l2/ifDefined.less",
      "versionRef": "92526d9ae3bb3fd39f1b8566638fe38223ccc1bc",
      "Length": 138,
      "update_at": "2025-12-03T19:17:08.000Z"
    },
    {
      "shortPath": "l2/ifDefined.test.ts",
      "versionRef": "1ff8141bdbc4605482254cef247f4dc50c55dd96",
      "Length": 257,
      "update_at": "2025-12-03T19:17:09.000Z"
    },
    {
      "shortPath": "l2/ifDefined.ts",
      "versionRef": "b479830793273f1b8a2cd3a91ebb1c70cbcf7024",
      "Length": 517,
      "update_at": "2025-12-03T19:17:10.000Z"
    },
    {
      "shortPath": "l2/isServer.defs.ts",
      "versionRef": "b70661df86e08b475df14a3d3e1a8be6ffb131b5",
      "Length": 82,
      "update_at": "2025-12-03T19:17:10.000Z"
    },
    {
      "shortPath": "l2/isServer.html",
      "versionRef": "d67dad9cfd086ccf4ca69c5c4246a09c06e8659f",
      "Length": 17,
      "update_at": "2025-12-03T19:17:11.000Z"
    },
    {
      "shortPath": "l2/isServer.less",
      "versionRef": "5ab4226b697365bfdeee61ef03429037e277041e",
      "Length": 136,
      "update_at": "2025-12-03T19:17:12.000Z"
    },
    {
      "shortPath": "l2/isServer.test.ts",
      "versionRef": "6e25ff67fc5ec8b987d89b9be53fd2710c26d457",
      "Length": 256,
      "update_at": "2025-12-03T19:17:13.000Z"
    },
    {
      "shortPath": "l2/isServer.ts",
      "versionRef": "71426099a84a03b7a6297962681fd53eec9232a2",
      "Length": 612,
      "update_at": "2025-12-03T19:17:13.000Z"
    },
    {
      "shortPath": "l2/join.defs.ts",
      "versionRef": "9eb2604aaf538b72a93f1ffb44709a17d6fe02c3",
      "Length": 78,
      "update_at": "2025-12-03T19:17:14.000Z"
    },
    {
      "shortPath": "l2/join.html",
      "versionRef": "0cc8eccad674b4e7e2d5c4fe508ba8a3499ade37",
      "Length": 13,
      "update_at": "2025-12-03T19:17:15.000Z"
    },
    {
      "shortPath": "l2/join.less",
      "versionRef": "6e789402de40d02b7928f3cd332ac4ac6cde7d57",
      "Length": 127,
      "update_at": "2025-12-03T19:17:16.000Z"
    },
    {
      "shortPath": "l2/join.test.ts",
      "versionRef": "f312a2963eab270e89b2338dd8033d255786fae7",
      "Length": 252,
      "update_at": "2025-12-03T19:17:16.000Z"
    },
    {
      "shortPath": "l2/join.ts",
      "versionRef": "4b3440763bd860f6d0ebd4381c363d25a3234b75",
      "Length": 641,
      "update_at": "2025-12-03T19:17:17.000Z"
    },
    {
      "shortPath": "l2/keyed.defs.ts",
      "versionRef": "b9c9e1baaba91ada6efabf03fe5c283042c65863",
      "Length": 79,
      "update_at": "2025-12-03T19:17:18.000Z"
    },
    {
      "shortPath": "l2/keyed.html",
      "versionRef": "a17d4a9ac0a7d8e3b216ae5d78d1815904c44848",
      "Length": 14,
      "update_at": "2025-12-03T19:17:19.000Z"
    },
    {
      "shortPath": "l2/keyed.less",
      "versionRef": "faa665c3cf6a46f9f54dd8995a450195b31bb921",
      "Length": 129,
      "update_at": "2025-12-03T19:17:19.000Z"
    },
    {
      "shortPath": "l2/keyed.test.ts",
      "versionRef": "c0c15b885f4b54830485c1ca0f3523c4addc15e6",
      "Length": 253,
      "update_at": "2025-12-03T19:17:20.000Z"
    },
    {
      "shortPath": "l2/keyed.ts",
      "versionRef": "c99dddb1b1eb951237a9f1c5c829f0690315d228",
      "Length": 1112,
      "update_at": "2025-12-03T19:17:21.000Z"
    },
    {
      "shortPath": "l2/litElement.defs.ts",
      "versionRef": "ee8fbc3d104f6ac3985b97797f1fcbcb5b01d7cf",
      "Length": 84,
      "update_at": "2025-12-03T19:17:21.000Z"
    },
    {
      "shortPath": "l2/litElement.html",
      "versionRef": "a73b79b8360c2e523727ad97269b352998ffe15d",
      "Length": 19,
      "update_at": "2025-12-03T19:17:22.000Z"
    },
    {
      "shortPath": "l2/litElement.less",
      "versionRef": "49b2f56f108c213abc3c1704901621ef7b38a05f",
      "Length": 140,
      "update_at": "2025-12-03T19:17:23.000Z"
    },
    {
      "shortPath": "l2/litElement.test.ts",
      "versionRef": "80f6cab0dc4f9d8915a2608b1aaa561b6bf08db0",
      "Length": 258,
      "update_at": "2025-12-03T19:17:24.000Z"
    },
    {
      "shortPath": "l2/litElement.ts",
      "versionRef": "97d1728f9e3c935e5e6e9e8098578b50cd457c25",
      "Length": 7022,
      "update_at": "2025-12-03T19:17:24.000Z"
    },
    {
      "shortPath": "l2/litHtml.defs.ts",
      "versionRef": "4d9c7ba78bdb60887d35c52b9340b0aeb622c7c8",
      "Length": 81,
      "update_at": "2025-12-03T19:17:25.000Z"
    },
    {
      "shortPath": "l2/litHtml.html",
      "versionRef": "052b2e85a46b326ed7e08496d013038a41f5089e",
      "Length": 16,
      "update_at": "2025-12-03T19:17:26.000Z"
    },
    {
      "shortPath": "l2/litHtml.less",
      "versionRef": "ac658c5ee09decc0f41581ac7197de88e867b65e",
      "Length": 134,
      "update_at": "2025-12-03T19:17:26.000Z"
    },
    {
      "shortPath": "l2/litHtml.test.ts",
      "versionRef": "c0fc7e93a8decf9fabf361700980763e4226e2e3",
      "Length": 255,
      "update_at": "2025-12-03T19:17:27.000Z"
    },
    {
      "shortPath": "l2/litHtml.ts",
      "versionRef": "a75f8284c876b9e82e57eb7e346ccd456e4a499c",
      "Length": 25090,
      "update_at": "2025-12-03T19:17:28.000Z"
    },
    {
      "shortPath": "l2/live.defs.ts",
      "versionRef": "ab4d04c602000f073a2aac6f590c2a6d12f8858e",
      "Length": 78,
      "update_at": "2025-12-03T19:17:28.000Z"
    },
    {
      "shortPath": "l2/live.html",
      "versionRef": "28216377e6acff8bf9bc6e46c4a244d9f64ca3a3",
      "Length": 13,
      "update_at": "2025-12-03T19:17:29.000Z"
    },
    {
      "shortPath": "l2/live.less",
      "versionRef": "9bc057f7b21b5dd24c881e2d2521c1d02800ec5b",
      "Length": 127,
      "update_at": "2025-12-03T19:17:30.000Z"
    },
    {
      "shortPath": "l2/live.test.ts",
      "versionRef": "6995ffd03b883dffe7aa2ad0f3d9c443a6b0a214",
      "Length": 252,
      "update_at": "2025-12-03T19:17:31.000Z"
    },
    {
      "shortPath": "l2/live.ts",
      "versionRef": "4c5e291f3073e875d0fc85400208f78146d6c62a",
      "Length": 1945,
      "update_at": "2025-12-03T19:17:31.000Z"
    },
    {
      "shortPath": "l2/map.defs.ts",
      "versionRef": "653ebbc38e17a09c86a28490132e863e2d2b9676",
      "Length": 77,
      "update_at": "2025-12-03T19:17:32.000Z"
    },
    {
      "shortPath": "l2/map.html",
      "versionRef": "9f13b4fe079a2be39e5927b7e855d10870d2e738",
      "Length": 12,
      "update_at": "2025-12-03T19:17:33.000Z"
    },
    {
      "shortPath": "l2/map.less",
      "versionRef": "b6281322d5e89238cec0d356137089af0cc0f788",
      "Length": 125,
      "update_at": "2025-12-03T19:17:34.000Z"
    },
    {
      "shortPath": "l2/map.test.ts",
      "versionRef": "41a48d8ab86b0d1a163fccb76d5055ef6536d673",
      "Length": 251,
      "update_at": "2025-12-03T19:17:34.000Z"
    },
    {
      "shortPath": "l2/map.ts",
      "versionRef": "d9ca348c15c016caa9a231e51d42a438f28bde1b",
      "Length": 589,
      "update_at": "2025-12-03T19:17:35.000Z"
    },
    {
      "shortPath": "l2/polyfillSupport.defs.ts",
      "versionRef": "f22ed0e0b48489fbf9939c0798506846d934b644",
      "Length": 89,
      "update_at": "2025-12-03T19:17:36.000Z"
    },
    {
      "shortPath": "l2/polyfillSupport.html",
      "versionRef": "1266cb1e0a90ef732ae085deb538ed64329fb0ef",
      "Length": 24,
      "update_at": "2025-12-03T19:17:36.000Z"
    },
    {
      "shortPath": "l2/polyfillSupport.less",
      "versionRef": "191b15bc70b56cfa30e6e1950143c5bf4bc08b31",
      "Length": 150,
      "update_at": "2025-12-03T19:17:37.000Z"
    },
    {
      "shortPath": "l2/polyfillSupport.test.ts",
      "versionRef": "ec34ec33cf2c0813af44aa2ad5223f2269d34e18",
      "Length": 263,
      "update_at": "2025-12-03T19:17:38.000Z"
    },
    {
      "shortPath": "l2/polyfillSupport.ts",
      "versionRef": "8942648a23e36c40ecb05c74cff8fddfc3c1a1dd",
      "Length": 710,
      "update_at": "2025-12-03T19:17:39.000Z"
    },
    {
      "shortPath": "l2/privateAsyncHelpers.defs.ts",
      "versionRef": "1278dc2f10578602c2438c19d27f6312d2c5709d",
      "Length": 93,
      "update_at": "2025-12-03T19:17:39.000Z"
    },
    {
      "shortPath": "l2/privateAsyncHelpers.html",
      "versionRef": "fd9360f39e05f7d7f94e5acc8a07e1caef597af8",
      "Length": 28,
      "update_at": "2025-12-03T19:17:40.000Z"
    },
    {
      "shortPath": "l2/privateAsyncHelpers.less",
      "versionRef": "40a364540db86771f5363f84fd18f113070d4075",
      "Length": 159,
      "update_at": "2025-12-03T19:17:41.000Z"
    },
    {
      "shortPath": "l2/privateAsyncHelpers.test.ts",
      "versionRef": "77c5f0d9bee6f98411e7728bf04c86a7587e743a",
      "Length": 267,
      "update_at": "2025-12-03T19:17:42.000Z"
    },
    {
      "shortPath": "l2/privateAsyncHelpers.ts",
      "versionRef": "cf9ab6b930d3958d823a1656afc04d72eb02a1b6",
      "Length": 2024,
      "update_at": "2025-12-03T19:17:42.000Z"
    },
    {
      "shortPath": "l2/privateSsrSupport.defs.ts",
      "versionRef": "7e3a1439ede66abfe48d70c483d2917ae771698f",
      "Length": 91,
      "update_at": "2025-12-03T19:17:43.000Z"
    },
    {
      "shortPath": "l2/privateSsrSupport.html",
      "versionRef": "19e7fb0bed956f536e2c3dfbf4ab814f4d55d47d",
      "Length": 26,
      "update_at": "2025-12-03T19:17:44.000Z"
    },
    {
      "shortPath": "l2/privateSsrSupport.less",
      "versionRef": "4980a8ed9f92d0f0753b05eecae2af597737c3da",
      "Length": 155,
      "update_at": "2025-12-03T19:17:45.000Z"
    },
    {
      "shortPath": "l2/privateSsrSupport.test.ts",
      "versionRef": "ad4543767bff625e56459c106a743c1185596cf3",
      "Length": 265,
      "update_at": "2025-12-03T19:17:45.000Z"
    },
    {
      "shortPath": "l2/privateSsrSupport.ts",
      "versionRef": "43bc49577aa744827bcdec1f5d0a8a0f9c7f2563",
      "Length": 3126,
      "update_at": "2025-12-03T19:17:46.000Z"
    },
    {
      "shortPath": "l2/project.defs.ts",
      "versionRef": "97d313894c96358e46ab3b71a091dc9af9220e1b",
      "Length": 81,
      "update_at": "2025-12-03T19:17:47.000Z"
    },
    {
      "shortPath": "l2/project.html",
      "versionRef": "88a90cf32ef33346febb29387541246b1be9a2e0",
      "Length": 16,
      "update_at": "2025-12-03T19:17:47.000Z"
    },
    {
      "shortPath": "l2/project.less",
      "versionRef": "6f3bdfc385b5facd33e3c2f63113b07e095d3bc0",
      "Length": 133,
      "update_at": "2025-12-03T19:17:48.000Z"
    },
    {
      "shortPath": "l2/project.test.ts",
      "versionRef": "ca9e4fcd3db448b14f6a2edf646f1264bd2a6b9e",
      "Length": 255,
      "update_at": "2025-12-03T19:17:49.000Z"
    },
    {
      "shortPath": "l2/project.ts",
      "versionRef": "15dd5d8d3bd4dc9fde0a2400ac854b8e03d12e50",
      "Length": 331,
      "update_at": "2025-12-03T19:17:49.000Z"
    },
    {
      "shortPath": "l2/property.defs.ts",
      "versionRef": "af1a71fb43c707d8b10e46de9bbfbd6ce4472a46",
      "Length": 82,
      "update_at": "2025-12-03T19:17:50.000Z"
    },
    {
      "shortPath": "l2/property.html",
      "versionRef": "1321e3e1e2d98a7263d16816a93329282b6116d6",
      "Length": 17,
      "update_at": "2025-12-03T19:17:51.000Z"
    },
    {
      "shortPath": "l2/property.less",
      "versionRef": "c5a14223769e7805c8e188af2ec8acfd3db36de9",
      "Length": 135,
      "update_at": "2025-12-03T19:17:52.000Z"
    },
    {
      "shortPath": "l2/property.test.ts",
      "versionRef": "718aec4e7f6e018e833ab09fe7d318e7f10c470b",
      "Length": 256,
      "update_at": "2025-12-03T19:17:52.000Z"
    },
    {
      "shortPath": "l2/property.ts",
      "versionRef": "a0894a50056d6db526197738ea1de3a205a0f96b",
      "Length": 2930,
      "update_at": "2025-12-03T19:17:53.000Z"
    },
    {
      "shortPath": "l2/query.defs.ts",
      "versionRef": "3bbc10f76e10fff5953b6e89dd04767182d50b8d",
      "Length": 79,
      "update_at": "2025-12-03T19:17:54.000Z"
    },
    {
      "shortPath": "l2/query.html",
      "versionRef": "1738b98e400bb17dbf96a607aa32b73dc91a4591",
      "Length": 14,
      "update_at": "2025-12-03T19:17:55.000Z"
    },
    {
      "shortPath": "l2/query.less",
      "versionRef": "2d2bc2ea552f2eb094468f64e4f26619cf8cb3a2",
      "Length": 129,
      "update_at": "2025-12-03T19:17:55.000Z"
    },
    {
      "shortPath": "l2/query.test.ts",
      "versionRef": "b8a423b72965e7e0089ec1d22a7744764c2c6f89",
      "Length": 253,
      "update_at": "2025-12-03T19:17:56.000Z"
    },
    {
      "shortPath": "l2/query.ts",
      "versionRef": "47e678eb706ea1580552016062c5ab5b02cfe944",
      "Length": 1384,
      "update_at": "2025-12-03T19:17:57.000Z"
    },
    {
      "shortPath": "l2/queryAll.defs.ts",
      "versionRef": "9abe85df6461c2b05f12bc4adb5d6717344bccf6",
      "Length": 82,
      "update_at": "2025-12-03T19:17:57.000Z"
    },
    {
      "shortPath": "l2/queryAll.html",
      "versionRef": "3098ff8944bbfc400d707588676419bc5a45686d",
      "Length": 17,
      "update_at": "2025-12-03T19:17:58.000Z"
    },
    {
      "shortPath": "l2/queryAll.less",
      "versionRef": "daec6388a603421ec487c98b7868471a05d71a57",
      "Length": 136,
      "update_at": "2025-12-03T19:17:59.000Z"
    },
    {
      "shortPath": "l2/queryAll.test.ts",
      "versionRef": "7ef6ae894c452ad81557ebf9d218251019429557",
      "Length": 256,
      "update_at": "2025-12-03T19:17:59.000Z"
    },
    {
      "shortPath": "l2/queryAll.ts",
      "versionRef": "fd47e4f302f397b60b172522c37ae448b78c9e04",
      "Length": 1282,
      "update_at": "2025-12-03T19:18:00.000Z"
    },
    {
      "shortPath": "l2/queryAssignedElements.defs.ts",
      "versionRef": "ad1143cfcbd7870328643735a283c7c8049aac3d",
      "Length": 95,
      "update_at": "2025-12-03T19:18:01.000Z"
    },
    {
      "shortPath": "l2/queryAssignedElements.html",
      "versionRef": "9829248c9427936425822d860b011504373e028a",
      "Length": 30,
      "update_at": "2025-12-03T19:18:02.000Z"
    },
    {
      "shortPath": "l2/queryAssignedElements.less",
      "versionRef": "4076de6a5c91226265ebac1756486d454e9def84",
      "Length": 163,
      "update_at": "2025-12-03T19:18:02.000Z"
    },
    {
      "shortPath": "l2/queryAssignedElements.test.ts",
      "versionRef": "50a6c065ee481149c116333c3e21929adb0002d2",
      "Length": 269,
      "update_at": "2025-12-03T19:18:03.000Z"
    },
    {
      "shortPath": "l2/queryAssignedElements.ts",
      "versionRef": "19d4d594a174163ca5b2873687ead9bbac83dc3a",
      "Length": 2236,
      "update_at": "2025-12-03T19:18:04.000Z"
    },
    {
      "shortPath": "l2/queryAssignedNodes.defs.ts",
      "versionRef": "07cb4a6471ff1d787b3a2a3589da0379a9a520b4",
      "Length": 92,
      "update_at": "2025-12-03T19:18:04.000Z"
    },
    {
      "shortPath": "l2/queryAssignedNodes.html",
      "versionRef": "5e23e0ef448658f292a54ca13f37e24d194f1783",
      "Length": 27,
      "update_at": "2025-12-03T19:18:05.000Z"
    },
    {
      "shortPath": "l2/queryAssignedNodes.less",
      "versionRef": "97fe6aa1aa866d1907c31cd8058d249812ad9cfe",
      "Length": 157,
      "update_at": "2025-12-03T19:18:06.000Z"
    },
    {
      "shortPath": "l2/queryAssignedNodes.test.ts",
      "versionRef": "5466381933b1a2a6841ff43abc5394f07f4900e3",
      "Length": 266,
      "update_at": "2025-12-03T19:18:07.000Z"
    },
    {
      "shortPath": "l2/queryAssignedNodes.ts",
      "versionRef": "00e0339054b135b0e83d43af100fdeeed61ea7f6",
      "Length": 1888,
      "update_at": "2025-12-03T19:18:07.000Z"
    },
    {
      "shortPath": "l2/queryAsync.defs.ts",
      "versionRef": "68504bbf591aefbc046bc7dd3480eede43af4294",
      "Length": 84,
      "update_at": "2025-12-03T19:18:08.000Z"
    },
    {
      "shortPath": "l2/queryAsync.html",
      "versionRef": "4b42dcd145bfff7e1e354cca64d711c947dcfeed",
      "Length": 19,
      "update_at": "2025-12-03T19:18:09.000Z"
    },
    {
      "shortPath": "l2/queryAsync.less",
      "versionRef": "f0ac38aaae6d20c0bd5e70a9d11874f6a329abd7",
      "Length": 140,
      "update_at": "2025-12-03T19:18:10.000Z"
    },
    {
      "shortPath": "l2/queryAsync.test.ts",
      "versionRef": "ee2b779cf52b74e47abb1a7458ba74a5c777b289",
      "Length": 258,
      "update_at": "2025-12-03T19:18:10.000Z"
    },
    {
      "shortPath": "l2/queryAsync.ts",
      "versionRef": "8cdd7b3b0a8e7f7465b052dca9d6d0e889560fbd",
      "Length": 1691,
      "update_at": "2025-12-03T19:18:11.000Z"
    },
    {
      "shortPath": "l2/range.defs.ts",
      "versionRef": "5d255c78d40edf8a7c45ac8081e2952a99307ca4",
      "Length": 79,
      "update_at": "2025-12-03T19:18:12.000Z"
    },
    {
      "shortPath": "l2/range.html",
      "versionRef": "96e00cd6c444040215bfbc4a430c3869e7155f09",
      "Length": 14,
      "update_at": "2025-12-03T19:18:12.000Z"
    },
    {
      "shortPath": "l2/range.less",
      "versionRef": "110b6e41f9666e2ecba4a3d742d5313f017c3207",
      "Length": 129,
      "update_at": "2025-12-03T19:18:13.000Z"
    },
    {
      "shortPath": "l2/range.test.ts",
      "versionRef": "268d01b48277714d7fd1e3d6f18129ef9b6acbd9",
      "Length": 253,
      "update_at": "2025-12-03T19:18:14.000Z"
    },
    {
      "shortPath": "l2/range.ts",
      "versionRef": "c634f43bcb99a2ba2b40a1d1bbb6bef8c134b23b",
      "Length": 671,
      "update_at": "2025-12-03T19:18:15.000Z"
    },
    {
      "shortPath": "l2/reactiveController.defs.ts",
      "versionRef": "f46c0dff050cc9fdaaeaa2222cc8e6c2af33cf4e",
      "Length": 92,
      "update_at": "2025-12-03T19:18:15.000Z"
    },
    {
      "shortPath": "l2/reactiveController.html",
      "versionRef": "253c66e426f2592b9b9b3cb36a03212ed71665c0",
      "Length": 27,
      "update_at": "2025-12-03T19:18:16.000Z"
    },
    {
      "shortPath": "l2/reactiveController.less",
      "versionRef": "5d79dc10c07fcd336918173437e31a42348b2ebf",
      "Length": 156,
      "update_at": "2025-12-03T19:18:17.000Z"
    },
    {
      "shortPath": "l2/reactiveController.test.ts",
      "versionRef": "13a953a54ee87119c8243f672f7eabc6c03492e6",
      "Length": 266,
      "update_at": "2025-12-03T19:18:17.000Z"
    },
    {
      "shortPath": "l2/reactiveController.ts",
      "versionRef": "778d658dcb9475bba5acb5b6373830d5d79373b4",
      "Length": 3029,
      "update_at": "2025-12-03T19:18:18.000Z"
    },
    {
      "shortPath": "l2/reactiveElement.defs.ts",
      "versionRef": "d9222390d7daecfbf48fa7a80776d5d14863ae6a",
      "Length": 89,
      "update_at": "2025-12-03T19:18:19.000Z"
    },
    {
      "shortPath": "l2/reactiveElement.html",
      "versionRef": "98b82c574d1786dc4495d5d0c83bf7232d0c8fb9",
      "Length": 24,
      "update_at": "2025-12-03T19:18:20.000Z"
    },
    {
      "shortPath": "l2/reactiveElement.less",
      "versionRef": "5894b0d4f598177788722babf86f529502816aa1",
      "Length": 150,
      "update_at": "2025-12-03T19:18:20.000Z"
    },
    {
      "shortPath": "l2/reactiveElement.test.ts",
      "versionRef": "96e40a618edc21e4f6897892d84cf2ff651f3988",
      "Length": 263,
      "update_at": "2025-12-03T19:18:21.000Z"
    },
    {
      "shortPath": "l2/reactiveElement.ts",
      "versionRef": "a514dc8c2322328cd47c685765e540aa07cd05d0",
      "Length": 30578,
      "update_at": "2025-12-03T19:18:22.000Z"
    },
    {
      "shortPath": "l2/ref.defs.ts",
      "versionRef": "c93078fb2e1c9629d57f3343340b01e2c314abce",
      "Length": 77,
      "update_at": "2025-12-03T19:18:22.000Z"
    },
    {
      "shortPath": "l2/ref.html",
      "versionRef": "941b04d3acb14c720e9cae4551d865b6e75d45ba",
      "Length": 12,
      "update_at": "2025-12-03T19:18:23.000Z"
    },
    {
      "shortPath": "l2/ref.less",
      "versionRef": "a284cefe01fb8eb4604cf5158b48309167380040",
      "Length": 125,
      "update_at": "2025-12-03T19:18:24.000Z"
    },
    {
      "shortPath": "l2/ref.test.ts",
      "versionRef": "616218cf068c48cedb6c7ac082c76c33d4280269",
      "Length": 251,
      "update_at": "2025-12-03T19:18:25.000Z"
    },
    {
      "shortPath": "l2/ref.ts",
      "versionRef": "671ec282f2e880a7fbbd9aa9cd7dc5f4c5f6e8ea",
      "Length": 2334,
      "update_at": "2025-12-03T19:18:25.000Z"
    },
    {
      "shortPath": "l2/repeat.defs.ts",
      "versionRef": "4373e79881a6706e84468f9566ab5d958762e8d2",
      "Length": 80,
      "update_at": "2025-12-03T19:18:26.000Z"
    },
    {
      "shortPath": "l2/repeat.html",
      "versionRef": "2be6b1f1be0c9399bad32f961ab04830a38e4208",
      "Length": 15,
      "update_at": "2025-12-03T19:18:27.000Z"
    },
    {
      "shortPath": "l2/repeat.less",
      "versionRef": "5cdff476f1b89942755d18a404c50079e7162c39",
      "Length": 131,
      "update_at": "2025-12-03T19:18:27.000Z"
    },
    {
      "shortPath": "l2/repeat.test.ts",
      "versionRef": "e8d10e133a535df88d5b5e56114534396617d7a4",
      "Length": 254,
      "update_at": "2025-12-03T19:18:28.000Z"
    },
    {
      "shortPath": "l2/repeat.ts",
      "versionRef": "d747e3f182fb16e955e2c7159fc0222b6b68fc97",
      "Length": 2761,
      "update_at": "2025-12-03T19:18:29.000Z"
    },
    {
      "shortPath": "l2/state.defs.ts",
      "versionRef": "6fafd9d1da8f52b272e3a4fcda1a858887f72439",
      "Length": 79,
      "update_at": "2025-12-03T19:18:30.000Z"
    },
    {
      "shortPath": "l2/state.html",
      "versionRef": "2fe40b81d3207804f1594498c42afa0bb9879d06",
      "Length": 14,
      "update_at": "2025-12-03T19:18:30.000Z"
    },
    {
      "shortPath": "l2/state.less",
      "versionRef": "a4f749fbc6bc5f9855494725ea9c3c9d67b49b10",
      "Length": 129,
      "update_at": "2025-12-03T19:18:31.000Z"
    },
    {
      "shortPath": "l2/state.test.ts",
      "versionRef": "ded52484f54d7b180931acfb348763618419ddfc",
      "Length": 253,
      "update_at": "2025-12-03T19:18:32.000Z"
    },
    {
      "shortPath": "l2/state.ts",
      "versionRef": "58b898838ebd3aad9abf0285bad0cec71cdedbd9",
      "Length": 1199,
      "update_at": "2025-12-03T19:18:32.000Z"
    },
    {
      "shortPath": "l2/static.defs.ts",
      "versionRef": "083e770d2642aff15cbe16068d0b2b8eb82281b9",
      "Length": 80,
      "update_at": "2025-12-03T19:18:33.000Z"
    },
    {
      "shortPath": "l2/static.html",
      "versionRef": "cec42bcae54dc4c6c7202703259e4147a66b1432",
      "Length": 15,
      "update_at": "2025-12-03T19:18:34.000Z"
    },
    {
      "shortPath": "l2/static.less",
      "versionRef": "da464d4c03426935838118b1686e9634ece6f710",
      "Length": 131,
      "update_at": "2025-12-03T19:18:35.000Z"
    },
    {
      "shortPath": "l2/static.test.ts",
      "versionRef": "1735e6be7432df1ba4293f139b539a2c0d3de5b7",
      "Length": 254,
      "update_at": "2025-12-03T19:18:35.000Z"
    },
    {
      "shortPath": "l2/static.ts",
      "versionRef": "cffc1cdd40e5808405fd0482b8ee2a15449dc9be",
      "Length": 3650,
      "update_at": "2025-12-03T19:18:36.000Z"
    },
    {
      "shortPath": "l2/styleMap.defs.ts",
      "versionRef": "f93198a8ddca3a0cc1bd53f6655e8564a95cae3f",
      "Length": 82,
      "update_at": "2025-12-03T19:18:37.000Z"
    },
    {
      "shortPath": "l2/styleMap.html",
      "versionRef": "75b33358360f61483025f6f2d7015cd03e875cb6",
      "Length": 17,
      "update_at": "2025-12-03T19:18:37.000Z"
    },
    {
      "shortPath": "l2/styleMap.less",
      "versionRef": "64accfbbc99f3b5f99234179ef6b339a56473345",
      "Length": 136,
      "update_at": "2025-12-03T19:18:38.000Z"
    },
    {
      "shortPath": "l2/styleMap.test.ts",
      "versionRef": "23c3ed000d9e4039c39549c42b18e730d7de7661",
      "Length": 256,
      "update_at": "2025-12-03T19:18:39.000Z"
    },
    {
      "shortPath": "l2/styleMap.ts",
      "versionRef": "42222037eb4c3eba5fe1a7304e551b1cc3b932d9",
      "Length": 2238,
      "update_at": "2025-12-03T19:18:40.000Z"
    },
    {
      "shortPath": "l2/templateContent.defs.ts",
      "versionRef": "402ddb044a6444641349edea8cab46e682338e30",
      "Length": 89,
      "update_at": "2025-12-03T19:18:40.000Z"
    },
    {
      "shortPath": "l2/templateContent.html",
      "versionRef": "3e05e1dedff2faed984760cd78c9bff832cb4880",
      "Length": 24,
      "update_at": "2025-12-03T19:18:41.000Z"
    },
    {
      "shortPath": "l2/templateContent.less",
      "versionRef": "9990cfdfcd3387a01028113d6e35c743dad8b1ab",
      "Length": 150,
      "update_at": "2025-12-03T19:18:42.000Z"
    },
    {
      "shortPath": "l2/templateContent.test.ts",
      "versionRef": "534cafc6b684d25e29b73e41382868c4e386dd5c",
      "Length": 263,
      "update_at": "2025-12-03T19:18:42.000Z"
    },
    {
      "shortPath": "l2/templateContent.ts",
      "versionRef": "b649d2ec38c76b3cc74f27457e56a6cfa637bc0d",
      "Length": 1106,
      "update_at": "2025-12-03T19:18:43.000Z"
    },
    {
      "shortPath": "l2/unsafeHtml.defs.ts",
      "versionRef": "3b5c644e2585cf9f05265d6954515667fc86d467",
      "Length": 84,
      "update_at": "2025-12-03T19:18:44.000Z"
    },
    {
      "shortPath": "l2/unsafeHtml.html",
      "versionRef": "f7281d318fbd9d44a3a9c1f0783e8124794904d9",
      "Length": 19,
      "update_at": "2025-12-03T19:18:44.000Z"
    },
    {
      "shortPath": "l2/unsafeHtml.less",
      "versionRef": "fceb663cd1e2c63088cc6b6e156cd304dc78638e",
      "Length": 140,
      "update_at": "2025-12-03T19:18:45.000Z"
    },
    {
      "shortPath": "l2/unsafeHtml.test.ts",
      "versionRef": "6854018f3d319281bd43518a157459eaafd499cd",
      "Length": 258,
      "update_at": "2025-12-03T19:18:46.000Z"
    },
    {
      "shortPath": "l2/unsafeHtml.ts",
      "versionRef": "5eea6770be70f6b98214c6e05607abef0385e192",
      "Length": 1229,
      "update_at": "2025-12-03T19:18:47.000Z"
    },
    {
      "shortPath": "l2/unsafeMathml.defs.ts",
      "versionRef": "23e16df1663aef464ad60fef724bf0c6624869dd",
      "Length": 86,
      "update_at": "2025-12-03T19:18:47.000Z"
    },
    {
      "shortPath": "l2/unsafeMathml.html",
      "versionRef": "a5271edc2683f62bbe5d7fc31b85bd2d8c5cef23",
      "Length": 21,
      "update_at": "2025-12-03T19:18:48.000Z"
    },
    {
      "shortPath": "l2/unsafeMathml.less",
      "versionRef": "17b2e6969f3c7afaf28ad1b376c366024c0a5e8f",
      "Length": 144,
      "update_at": "2025-12-03T19:18:49.000Z"
    },
    {
      "shortPath": "l2/unsafeMathml.test.ts",
      "versionRef": "8c265bb3219c4116afbc501c4048188af8104949",
      "Length": 260,
      "update_at": "2025-12-03T19:18:49.000Z"
    },
    {
      "shortPath": "l2/unsafeMathml.ts",
      "versionRef": "6817420692994ac4232bbcf4ba37fcc9d0c567cc",
      "Length": 1171,
      "update_at": "2025-12-03T19:18:50.000Z"
    },
    {
      "shortPath": "l2/unsafeSvg.defs.ts",
      "versionRef": "5127d8cde0178e45740af031c2563c3ef68fbde8",
      "Length": 83,
      "update_at": "2025-12-03T19:18:51.000Z"
    },
    {
      "shortPath": "l2/unsafeSvg.html",
      "versionRef": "5ba1b484459e091958fdbe3d4a8c2c99bfe45796",
      "Length": 18,
      "update_at": "2025-12-03T19:18:52.000Z"
    },
    {
      "shortPath": "l2/unsafeSvg.less",
      "versionRef": "9201b2712c17880eff877de4c8c009ce281e2cf6",
      "Length": 138,
      "update_at": "2025-12-03T19:18:52.000Z"
    },
    {
      "shortPath": "l2/unsafeSvg.test.ts",
      "versionRef": "c49c9010c10639804fc4e9c6efadd2c1eea92fc8",
      "Length": 257,
      "update_at": "2025-12-03T19:18:53.000Z"
    },
    {
      "shortPath": "l2/unsafeSvg.ts",
      "versionRef": "d07a0058ba919b589b21d4a3d8a142883f06b232",
      "Length": 1127,
      "update_at": "2025-12-03T19:18:54.000Z"
    },
    {
      "shortPath": "l2/until.defs.ts",
      "versionRef": "448fbc0fa94572f5dc59298781890f0c49a6b161",
      "Length": 79,
      "update_at": "2025-12-03T19:18:55.000Z"
    },
    {
      "shortPath": "l2/until.html",
      "versionRef": "47d5813ba8382701ef5e1b1b4284f9593b51e030",
      "Length": 14,
      "update_at": "2025-12-03T19:18:55.000Z"
    },
    {
      "shortPath": "l2/until.less",
      "versionRef": "7d1bceafc82ac91e897de6a62510c467f15c0d17",
      "Length": 129,
      "update_at": "2025-12-03T19:18:56.000Z"
    },
    {
      "shortPath": "l2/until.test.ts",
      "versionRef": "3c7ea5595cec68e4c6196a4ebfe084f5da1ff438",
      "Length": 253,
      "update_at": "2025-12-03T19:18:57.000Z"
    },
    {
      "shortPath": "l2/until.ts",
      "versionRef": "952d090bf678778daf98cd9ccf652bc44e18b6d4",
      "Length": 1725,
      "update_at": "2025-12-03T19:18:58.000Z"
    },
    {
      "shortPath": "l2/wcTeste.defs.ts",
      "versionRef": "52580af529bf0a06ccbd28be9dd4e9fb4c9026ce",
      "Length": 81,
      "update_at": "2025-12-03T19:18:58.000Z"
    },
    {
      "shortPath": "l2/wcTeste.html",
      "versionRef": "10e58e82055d02ee85df697bb20bc3a49486de17",
      "Length": 35,
      "update_at": "2025-12-03T19:18:59.000Z"
    },
    {
      "shortPath": "l2/wcTeste.less",
      "versionRef": "12fbcdf74837c27d9dc3befb6ba4fe3a17f137f9",
      "Length": 134,
      "update_at": "2025-12-03T19:19:00.000Z"
    },
    {
      "shortPath": "l2/wcTeste.test.ts",
      "versionRef": "dc2c65b5ed243ba7cca87856480bf19c917f516b",
      "Length": 255,
      "update_at": "2025-12-03T19:19:00.000Z"
    },
    {
      "shortPath": "l2/wcTeste.ts",
      "versionRef": "bf02584e2d6e492fa993aefa7421ff416faee0cb",
      "Length": 406,
      "update_at": "2025-12-03T19:19:01.000Z"
    },
    {
      "shortPath": "l2/when.defs.ts",
      "versionRef": "0d789ca02b9289e15eb62d14ccee5d4dc6d35a86",
      "Length": 78,
      "update_at": "2025-12-03T19:19:02.000Z"
    },
    {
      "shortPath": "l2/when.html",
      "versionRef": "240063456a93af3919af605f61837dc9f899ed97",
      "Length": 13,
      "update_at": "2025-12-03T19:19:02.000Z"
    },
    {
      "shortPath": "l2/when.less",
      "versionRef": "cde97de9c57917f1918c5ee1bec487683eab2746",
      "Length": 89,
      "update_at": "2025-12-03T19:19:03.000Z"
    },
    {
      "shortPath": "l2/when.test.ts",
      "versionRef": "04aa12e5456f478df40ce59dbd5abd83e0930d60",
      "Length": 252,
      "update_at": "2025-12-03T19:19:04.000Z"
    },
    {
      "shortPath": "l2/when.ts",
      "versionRef": "81c7712bf48a882337c68a23a4f99262b4298217",
      "Length": 1165,
      "update_at": "2025-12-03T19:19:05.000Z"
    },
    {
      "shortPath": "l5/project.json",
      "versionRef": "dd83bc42f62f3501e7ace249f2769b1dc75a71c1",
      "Length": 375,
      "update_at": "2025-12-03T19:19:05.000Z"
    },
    {
      "shortPath": "l0/package.json",
      "versionRef": "1eae3ada68da69bb986e4ee9d26130c75c019d86",
      "Length": 470,
      "update_at": "2025-12-03T19:15:21.000Z"
    },
    {
      "shortPath": "l0/tsconfig.json",
      "versionRef": "6a95f6e8d8e3042af5f58de9c691a455a7221647",
      "Length": 1191,
      "update_at": "2025-12-03T19:15:23.000Z"
    }
  ]
}