{
  "lastModified": "2026-02-09T13:49:00.854Z",
  "files": [
    {
      "shortPath": "l0/README.md",
      "versionRef": "83754107ffef9998814779703f0b184efbc5ff1b",
      "Length": 14,
      "update_at": "2025-12-03T19:15:19.000Z"
    },
    {
      "shortPath": "l2/asyncAppend.defs.ts",
      "versionRef": "3d2ef85e1680e6d73c044b8e401e1912d7823970",
      "Length": 82,
      "update_at": "2026-02-09T13:46:51.000Z"
    },
    {
      "shortPath": "l2/asyncAppend.html",
      "versionRef": "71b06d18794e1aee5b981288958e58c90ea2ba54",
      "Length": 20,
      "update_at": "2025-12-03T19:16:07.000Z"
    },
    {
      "shortPath": "l2/asyncAppend.less",
      "versionRef": "55bfdd4761ffcb631a20835ef12770ecfd75a5c0",
      "Length": 136,
      "update_at": "2026-02-09T13:46:52.000Z"
    },
    {
      "shortPath": "l2/asyncAppend.test.ts",
      "versionRef": "137f6feec9de1594ab8682be11fb98d26657e2f0",
      "Length": 256,
      "update_at": "2026-02-09T13:46:53.000Z"
    },
    {
      "shortPath": "l2/asyncAppend.ts",
      "versionRef": "ec4123bf7562f8ec4cea3a24b6f03a1c163b49ba",
      "Length": 1948,
      "update_at": "2026-02-09T13:46:55.000Z"
    },
    {
      "shortPath": "l2/asyncDirective.defs.ts",
      "versionRef": "a05f119e3b829bc03c512f75f0cc8012c7933f7c",
      "Length": 85,
      "update_at": "2026-02-09T13:46:56.000Z"
    },
    {
      "shortPath": "l2/asyncDirective.html",
      "versionRef": "82ab44f39780ba700a8ea8e25edc8dd49efe60e5",
      "Length": 23,
      "update_at": "2025-12-03T19:16:11.000Z"
    },
    {
      "shortPath": "l2/asyncDirective.less",
      "versionRef": "e70f1d23d5aaa6c30e8fb703dde5ec47129cef1e",
      "Length": 142,
      "update_at": "2026-02-09T13:46:57.000Z"
    },
    {
      "shortPath": "l2/asyncDirective.test.ts",
      "versionRef": "239b75aff9be79eea3c35c7b0b24af866e0e3bb7",
      "Length": 259,
      "update_at": "2026-02-09T13:46:59.000Z"
    },
    {
      "shortPath": "l2/asyncDirective.ts",
      "versionRef": "03352e3735bb8a945c097027b762568ec30c25e1",
      "Length": 7976,
      "update_at": "2026-02-09T13:47:00.000Z"
    },
    {
      "shortPath": "l2/asyncReplace.defs.ts",
      "versionRef": "5b3faab63e515b319ee71edc2730d114068c47e5",
      "Length": 83,
      "update_at": "2026-02-09T13:47:01.000Z"
    },
    {
      "shortPath": "l2/asyncReplace.html",
      "versionRef": "aac945c642edd84532c54d7e5c1fc79f14eecde0",
      "Length": 21,
      "update_at": "2025-12-03T19:16:15.000Z"
    },
    {
      "shortPath": "l2/asyncReplace.less",
      "versionRef": "926845df69febf03c318ef9eab3f0b26142f68fb",
      "Length": 138,
      "update_at": "2026-02-09T13:47:02.000Z"
    },
    {
      "shortPath": "l2/asyncReplace.test.ts",
      "versionRef": "210efacf9de41bc21e71b58f47f9fac77a23ab6e",
      "Length": 257,
      "update_at": "2026-02-09T13:47:03.000Z"
    },
    {
      "shortPath": "l2/asyncReplace.ts",
      "versionRef": "c6ae2f798060b03b2821af37f61adbdd6bf6ccd7",
      "Length": 1918,
      "update_at": "2026-02-09T13:47:05.000Z"
    },
    {
      "shortPath": "l2/base.defs.ts",
      "versionRef": "31904f96d80bd96a8e9389b705a5002b510f8ab2",
      "Length": 75,
      "update_at": "2026-02-09T13:47:06.000Z"
    },
    {
      "shortPath": "l2/base.html",
      "versionRef": "43483130d88e34fa5afbf48e92b4200a42260434",
      "Length": 13,
      "update_at": "2025-12-03T19:16:19.000Z"
    },
    {
      "shortPath": "l2/base.less",
      "versionRef": "e7f864d2b5513af004bd3b4ec93ea14d1bfcd19b",
      "Length": 121,
      "update_at": "2026-02-09T13:47:07.000Z"
    },
    {
      "shortPath": "l2/base.test.ts",
      "versionRef": "a609bc722344cf52af8ffe5466d17d5d35f1e0a0",
      "Length": 249,
      "update_at": "2026-02-09T13:47:08.000Z"
    },
    {
      "shortPath": "l2/base.ts",
      "versionRef": "6beac0db7b8d4c9ef00d89a1a9bb5fc97489fb1e",
      "Length": 507,
      "update_at": "2026-02-09T13:47:10.000Z"
    },
    {
      "shortPath": "l2/cache.defs.ts",
      "versionRef": "dcf6deb2920ea4ffa71b19868ce29e367cbb65b9",
      "Length": 76,
      "update_at": "2026-02-09T13:47:11.000Z"
    },
    {
      "shortPath": "l2/cache.html",
      "versionRef": "f0b8620dbb4e8438ad8f93ef5cf34e597acf3acb",
      "Length": 14,
      "update_at": "2025-12-03T19:16:23.000Z"
    },
    {
      "shortPath": "l2/cache.less",
      "versionRef": "111f690cfe9334fef7fa242d1f045c7741ddb82b",
      "Length": 123,
      "update_at": "2026-02-09T13:47:12.000Z"
    },
    {
      "shortPath": "l2/cache.test.ts",
      "versionRef": "3adb3552c5c01b852fe0d8a943abc32f0595f166",
      "Length": 250,
      "update_at": "2026-02-09T13:47:13.000Z"
    },
    {
      "shortPath": "l2/cache.ts",
      "versionRef": "f6ffa42467120aa96bfe8b3c51a8104a6a719ec8",
      "Length": 1143,
      "update_at": "2026-02-09T13:47:15.000Z"
    },
    {
      "shortPath": "l2/choose.defs.ts",
      "versionRef": "329d1fe137b39e4042cc9d417e6e153549bbb7bc",
      "Length": 77,
      "update_at": "2026-02-09T13:47:16.000Z"
    },
    {
      "shortPath": "l2/choose.html",
      "versionRef": "6374750b5266bbc542fe2404069f6c068797bdae",
      "Length": 15,
      "update_at": "2025-12-03T19:16:26.000Z"
    },
    {
      "shortPath": "l2/choose.less",
      "versionRef": "e15b623bd8d28ded61cffcd3cc17ad2e22c01a4a",
      "Length": 125,
      "update_at": "2026-02-09T13:47:18.000Z"
    },
    {
      "shortPath": "l2/choose.test.ts",
      "versionRef": "db75c6f159383eb73c8e0c58de0b6dc2b8cf8540",
      "Length": 251,
      "update_at": "2026-02-09T13:47:19.000Z"
    },
    {
      "shortPath": "l2/choose.ts",
      "versionRef": "6c9d417fbf557efb5cde39c33e1ab2dc89964ac1",
      "Length": 1005,
      "update_at": "2026-02-09T13:47:20.000Z"
    },
    {
      "shortPath": "l2/classMap.defs.ts",
      "versionRef": "02c281b589b9b8868e3b5238fd0c3f6286851420",
      "Length": 79,
      "update_at": "2026-02-09T13:47:21.000Z"
    },
    {
      "shortPath": "l2/classMap.html",
      "versionRef": "78d7d41e4c62c60175d754c048fb20476c54fff1",
      "Length": 17,
      "update_at": "2025-12-03T19:16:30.000Z"
    },
    {
      "shortPath": "l2/classMap.less",
      "versionRef": "d34df67f8076e6c585129584f6f65209c6cda4cc",
      "Length": 130,
      "update_at": "2026-02-09T13:47:23.000Z"
    },
    {
      "shortPath": "l2/classMap.test.ts",
      "versionRef": "880344d566eb93ad7ffecfd09d5cf4a29a28c62f",
      "Length": 253,
      "update_at": "2026-02-09T13:47:24.000Z"
    },
    {
      "shortPath": "l2/classMap.ts",
      "versionRef": "e0ef3fbba734169c89a59202f831e029ecb5deb1",
      "Length": 1752,
      "update_at": "2026-02-09T13:47:25.000Z"
    },
    {
      "shortPath": "l2/codeLensLit.defs.ts",
      "versionRef": "79c51468af863639f01369f81383acc120bb7cd0",
      "Length": 82,
      "update_at": "2026-02-09T13:47:26.000Z"
    },
    {
      "shortPath": "l2/codeLensLit.html",
      "versionRef": "9c2be8bed301a73c1227bab5d92c475986214803",
      "Length": 20,
      "update_at": "2026-01-20T13:41:26.000Z"
    },
    {
      "shortPath": "l2/codeLensLit.less",
      "versionRef": "326fe70ddfc970990baf389a71d92ccfbebe973d",
      "Length": 137,
      "update_at": "2026-02-09T13:47:28.000Z"
    },
    {
      "shortPath": "l2/codeLensLit.test.ts",
      "versionRef": "62fe08863d08f167b974d19d8abd92452c806f7e",
      "Length": 256,
      "update_at": "2026-02-09T13:47:29.000Z"
    },
    {
      "shortPath": "l2/codeLensLit.ts",
      "versionRef": "586e9c6e04054cf8adcf920880c9de50b5355c1a",
      "Length": 2368,
      "update_at": "2026-02-09T13:47:30.000Z"
    },
    {
      "shortPath": "l2/collabImport.defs.ts",
      "versionRef": "5deff1b01205e50aeed5550696d12dc4137fba76",
      "Length": 83,
      "update_at": "2026-02-09T13:47:31.000Z"
    },
    {
      "shortPath": "l2/collabImport.html",
      "versionRef": "feb2ed3760c98b1dafb9c9bda96577cc6b74f881",
      "Length": 21,
      "update_at": "2026-01-20T13:41:30.000Z"
    },
    {
      "shortPath": "l2/collabImport.less",
      "versionRef": "d4449cbfc4666353ebd3359d78688fd8811c9190",
      "Length": 138,
      "update_at": "2026-02-09T13:47:32.000Z"
    },
    {
      "shortPath": "l2/collabImport.test.ts",
      "versionRef": "b5b90ce782f5755f877ee43e36eaf6bf75fa2f8b",
      "Length": 257,
      "update_at": "2026-02-09T13:47:34.000Z"
    },
    {
      "shortPath": "l2/collabImport.ts",
      "versionRef": "bfc1f7b292c0bd24bdf3dcd452a510a2981d18a9",
      "Length": 3394,
      "update_at": "2026-02-09T13:47:35.000Z"
    },
    {
      "shortPath": "l2/collabLitElement.defs.ts",
      "versionRef": "9149c49a3c179dbd4775b59a29e7c4c3504f1a10",
      "Length": 87,
      "update_at": "2026-02-09T13:47:36.000Z"
    },
    {
      "shortPath": "l2/collabLitElement.html",
      "versionRef": "455e69ccee01a47041001b1969eb972b6c4d3b50",
      "Length": 25,
      "update_at": "2025-12-04T12:06:32.000Z"
    },
    {
      "shortPath": "l2/collabLitElement.less",
      "versionRef": "fe32cbda668c2c6d836c07d848e662b6f856ecd6",
      "Length": 147,
      "update_at": "2026-02-09T13:47:37.000Z"
    },
    {
      "shortPath": "l2/collabLitElement.test.ts",
      "versionRef": "107abd4e69fb344e8ba136c937c46e3ef5912808",
      "Length": 261,
      "update_at": "2026-02-09T13:47:38.000Z"
    },
    {
      "shortPath": "l2/collabLitElement.ts",
      "versionRef": "4736bee19d34f32a6589198a51607c5766c31ffd",
      "Length": 1840,
      "update_at": "2026-02-09T13:47:40.000Z"
    },
    {
      "shortPath": "l2/collabState.defs.ts",
      "versionRef": "41b201223bb73c85dff970cc5ee6ea23f32714b4",
      "Length": 82,
      "update_at": "2026-02-09T13:47:41.000Z"
    },
    {
      "shortPath": "l2/collabState.html",
      "versionRef": "cfcee580506dc2702bcaca279f45d4fd1832573c",
      "Length": 20,
      "update_at": "2025-12-04T12:06:28.000Z"
    },
    {
      "shortPath": "l2/collabState.less",
      "versionRef": "1d12f086140ddd0e7ad0d5d7b5fba497ad9dc440",
      "Length": 136,
      "update_at": "2026-02-09T13:47:42.000Z"
    },
    {
      "shortPath": "l2/collabState.test.ts",
      "versionRef": "b2b3af74a0084bd7e65f8b98b069deab85825466",
      "Length": 256,
      "update_at": "2026-02-09T13:47:43.000Z"
    },
    {
      "shortPath": "l2/collabState.ts",
      "versionRef": "96e4463ebaf99ff02a0754d251a3031910c9c34b",
      "Length": 14502,
      "update_at": "2026-02-09T13:47:44.000Z"
    },
    {
      "shortPath": "l2/cssTag.defs.ts",
      "versionRef": "ddb18e465c71fd279263641d658e284cdec94ed4",
      "Length": 77,
      "update_at": "2026-02-09T13:47:46.000Z"
    },
    {
      "shortPath": "l2/cssTag.html",
      "versionRef": "739988dad19ae5d08227573a440ca517ab9dad47",
      "Length": 15,
      "update_at": "2025-12-03T19:16:34.000Z"
    },
    {
      "shortPath": "l2/cssTag.less",
      "versionRef": "228c822882d46f2b1997e893b68933e2530ac93a",
      "Length": 126,
      "update_at": "2026-02-09T13:47:47.000Z"
    },
    {
      "shortPath": "l2/cssTag.test.ts",
      "versionRef": "5d2cc81aa28b2aa785467a35e7fe19425870cf4c",
      "Length": 251,
      "update_at": "2026-02-09T13:47:48.000Z"
    },
    {
      "shortPath": "l2/cssTag.ts",
      "versionRef": "ed47b2e4fd213e23452ab81be2fe66f17472c571",
      "Length": 2871,
      "update_at": "2026-02-09T13:47:50.000Z"
    },
    {
      "shortPath": "l2/customElement.defs.ts",
      "versionRef": "6b958e23293fde583908d00d49b400b6f6098373",
      "Length": 84,
      "update_at": "2026-02-09T13:47:51.000Z"
    },
    {
      "shortPath": "l2/customElement.html",
      "versionRef": "f325b35ebc7ea1dbbc44e376fe79dbd6228ce8b0",
      "Length": 22,
      "update_at": "2025-12-03T19:16:37.000Z"
    },
    {
      "shortPath": "l2/customElement.less",
      "versionRef": "490f9101dacdecb571b3a1705193456de8e0aba8",
      "Length": 140,
      "update_at": "2026-02-09T13:47:52.000Z"
    },
    {
      "shortPath": "l2/customElement.test.ts",
      "versionRef": "4a2f449e54c8e64207937c23c05e4693b06e2797",
      "Length": 258,
      "update_at": "2026-02-09T13:47:53.000Z"
    },
    {
      "shortPath": "l2/customElement.ts",
      "versionRef": "5303e81dc169a2fd6b47d9712188144b98b09a05",
      "Length": 995,
      "update_at": "2026-02-09T13:47:54.000Z"
    },
    {
      "shortPath": "l2/decorators.defs.ts",
      "versionRef": "9c417137b1d8b797c57e1dd396a7eea6d9fcbf65",
      "Length": 81,
      "update_at": "2026-02-09T13:47:56.000Z"
    },
    {
      "shortPath": "l2/decorators.html",
      "versionRef": "8a25d909da09d9f6e2c32707a98b14dbd78eb88b",
      "Length": 19,
      "update_at": "2025-12-03T19:16:41.000Z"
    },
    {
      "shortPath": "l2/decorators.less",
      "versionRef": "be57788fa20babea3b95c60848f4398d49301764",
      "Length": 133,
      "update_at": "2026-02-09T13:47:57.000Z"
    },
    {
      "shortPath": "l2/decorators.test.ts",
      "versionRef": "7ff91d5ca7aeda592115a126e1bfc09f63d552e7",
      "Length": 255,
      "update_at": "2026-02-09T13:47:58.000Z"
    },
    {
      "shortPath": "l2/decorators.ts",
      "versionRef": "a15afdafef9a875d3d5ab247b83d322520affdc2",
      "Length": 573,
      "update_at": "2026-02-09T13:47:59.000Z"
    },
    {
      "shortPath": "l2/designSystem.defs.ts",
      "versionRef": "f2dbdbe6b20af90275ebc7f4f1d02ca14a91431e",
      "Length": 83,
      "update_at": "2026-02-09T13:48:00.000Z"
    },
    {
      "shortPath": "l2/designSystem.html",
      "versionRef": "407e94c1cf19a0a3117d9d391bd2a1dcb58b4471",
      "Length": 21,
      "update_at": "2025-12-03T19:16:45.000Z"
    },
    {
      "shortPath": "l2/designSystem.less",
      "versionRef": "50e7105896d704a5a4ef941cb39563137c9eb6b1",
      "Length": 138,
      "update_at": "2026-02-09T13:48:02.000Z"
    },
    {
      "shortPath": "l2/designSystem.test.ts",
      "versionRef": "a8b55cd91a50c23b7b9481772969e317b76d1619",
      "Length": 257,
      "update_at": "2026-02-09T13:48:03.000Z"
    },
    {
      "shortPath": "l2/designSystem.ts",
      "versionRef": "f1a73222e6d024a43bf01ff5710ded04e248cc17",
      "Length": 16168,
      "update_at": "2026-02-09T13:48:04.000Z"
    },
    {
      "shortPath": "l2/designSystemBase.defs.ts",
      "versionRef": "c5e6a273cdabbe3cc007d497afb87430627d8cbf",
      "Length": 87,
      "update_at": "2026-02-09T13:48:05.000Z"
    },
    {
      "shortPath": "l2/designSystemBase.html",
      "versionRef": "886b075b1bd8bfbd9cfdad5aabaafce049aa0fb5",
      "Length": 25,
      "update_at": "2026-01-20T13:41:34.000Z"
    },
    {
      "shortPath": "l2/designSystemBase.less",
      "versionRef": "c582b6af815d6af418959c085539e29ccfc2eed6",
      "Length": 147,
      "update_at": "2026-02-09T13:48:07.000Z"
    },
    {
      "shortPath": "l2/designSystemBase.test.ts",
      "versionRef": "0fa6ff7780f20f63340aec8d304384bab7697caa",
      "Length": 261,
      "update_at": "2026-02-09T13:48:08.000Z"
    },
    {
      "shortPath": "l2/designSystemBase.ts",
      "versionRef": "39db2cf15738a6e7a831710fd0903ef90565c190",
      "Length": 8096,
      "update_at": "2026-02-09T13:48:09.000Z"
    },
    {
      "shortPath": "l2/directive.defs.ts",
      "versionRef": "2ed69dda961840798c88ccdd2de1def9850e2329",
      "Length": 80,
      "update_at": "2026-02-09T13:48:11.000Z"
    },
    {
      "shortPath": "l2/directive.html",
      "versionRef": "8d54d7fb4ac55e745d9a6da83770cd3ccdfe12e3",
      "Length": 18,
      "update_at": "2025-12-03T19:16:48.000Z"
    },
    {
      "shortPath": "l2/directive.less",
      "versionRef": "4a887ed688550c71b9df374b4ccd555335bea4f0",
      "Length": 131,
      "update_at": "2026-02-09T13:48:12.000Z"
    },
    {
      "shortPath": "l2/directive.test.ts",
      "versionRef": "05f14fbf1c81674f1bfc497b76263dfcdf1f7c56",
      "Length": 254,
      "update_at": "2026-02-09T13:48:13.000Z"
    },
    {
      "shortPath": "l2/directive.ts",
      "versionRef": "3b57ed7b7c5e6cc96de23d81755ac3cd40e3d1da",
      "Length": 2614,
      "update_at": "2026-02-09T13:48:15.000Z"
    },
    {
      "shortPath": "l2/directiveHelpers.defs.ts",
      "versionRef": "a7d4d29b190736fbe69f648adca4928e75c70c8b",
      "Length": 87,
      "update_at": "2026-02-09T13:48:16.000Z"
    },
    {
      "shortPath": "l2/directiveHelpers.html",
      "versionRef": "ec0aaa13e299c8cd460430f3f9b949431bbcc7b3",
      "Length": 25,
      "update_at": "2025-12-03T19:16:52.000Z"
    },
    {
      "shortPath": "l2/directiveHelpers.less",
      "versionRef": "c172bac96870f2acb5b6a0970f0a17af3b8ea417",
      "Length": 146,
      "update_at": "2026-02-09T13:48:17.000Z"
    },
    {
      "shortPath": "l2/directiveHelpers.test.ts",
      "versionRef": "a58be7ea4735e29b4d070abd48bf7656c1d54724",
      "Length": 261,
      "update_at": "2026-02-09T13:48:19.000Z"
    },
    {
      "shortPath": "l2/directiveHelpers.ts",
      "versionRef": "4d23dd906f1848878186a05d833e25bb8ea7bc20",
      "Length": 5156,
      "update_at": "2026-02-09T13:48:20.000Z"
    },
    {
      "shortPath": "l2/enhancementLit.defs.ts",
      "versionRef": "a221ae34217ee60e102e6e4b642ecb5c0ec02ad0",
      "Length": 88,
      "update_at": "2025-12-03T19:16:55.000Z"
    },
    {
      "shortPath": "l2/enhancementLit.html",
      "versionRef": "b33ee7b56e2d1d622bd96d6dace5dbcd3f15064b",
      "Length": 23,
      "update_at": "2025-12-03T19:16:56.000Z"
    },
    {
      "shortPath": "l2/enhancementLit.less",
      "versionRef": "a7f61731574383914c2e36ba63af12a19287cf2a",
      "Length": 148,
      "update_at": "2025-12-03T19:16:56.000Z"
    },
    {
      "shortPath": "l2/enhancementLit.test.ts",
      "versionRef": "9d6e7f84265dbb606664e0f91c0b37a45f898b28",
      "Length": 262,
      "update_at": "2025-12-03T19:16:58.000Z"
    },
    {
      "shortPath": "l2/enhancementLit.ts",
      "versionRef": "a04ef1c1b1718c66ce28e75ce3f29b590e159f83",
      "Length": 2726,
      "update_at": "2026-01-20T13:41:24.000Z"
    },
    {
      "shortPath": "l2/eventOptions.defs.ts",
      "versionRef": "2f6b5373552e9580ebf2ca20e110a69c6e609a1d",
      "Length": 86,
      "update_at": "2025-12-03T19:16:59.000Z"
    },
    {
      "shortPath": "l2/eventOptions.html",
      "versionRef": "6beb09ad1de239611071458ea2ab003a83ba17a6",
      "Length": 21,
      "update_at": "2025-12-03T19:17:00.000Z"
    },
    {
      "shortPath": "l2/eventOptions.less",
      "versionRef": "967972fb895065e2bba120fb6cbfdd89dea8ab2a",
      "Length": 144,
      "update_at": "2025-12-03T19:17:01.000Z"
    },
    {
      "shortPath": "l2/eventOptions.test.ts",
      "versionRef": "1d6489335b04b2d0d49580e2c7030f724e22359f",
      "Length": 260,
      "update_at": "2025-12-03T19:17:01.000Z"
    },
    {
      "shortPath": "l2/eventOptions.ts",
      "versionRef": "b39cd9b92270cf6eb81f3118b9182fac984037df",
      "Length": 1415,
      "update_at": "2025-12-05T18:22:34.000Z"
    },
    {
      "shortPath": "l2/guard.defs.ts",
      "versionRef": "299583b5215c7673e2fb7ce8fdb6067756ca105a",
      "Length": 79,
      "update_at": "2025-12-03T19:17:03.000Z"
    },
    {
      "shortPath": "l2/guard.html",
      "versionRef": "0da09868c9a6c96f15f80585ea3567ce8714d87a",
      "Length": 14,
      "update_at": "2025-12-03T19:17:04.000Z"
    },
    {
      "shortPath": "l2/guard.less",
      "versionRef": "78c2f97345c47d3c5124f41d310c7f911fcb2c39",
      "Length": 129,
      "update_at": "2025-12-03T19:17:04.000Z"
    },
    {
      "shortPath": "l2/guard.test.ts",
      "versionRef": "1392b411f90ed7234a6fb5202b64bc6d2bb9dc09",
      "Length": 253,
      "update_at": "2025-12-03T19:17:05.000Z"
    },
    {
      "shortPath": "l2/guard.ts",
      "versionRef": "ff4538839be10506c1d0ab5a6b04865929f7af6b",
      "Length": 1904,
      "update_at": "2025-12-05T18:22:35.000Z"
    },
    {
      "shortPath": "l2/ifDefined.defs.ts",
      "versionRef": "f4e50e6fe2994eba57a28afb6903f07f09b83c47",
      "Length": 83,
      "update_at": "2025-12-03T19:17:07.000Z"
    },
    {
      "shortPath": "l2/ifDefined.html",
      "versionRef": "086f031be804d4521a72a728c23f846a18719055",
      "Length": 18,
      "update_at": "2025-12-03T19:17:07.000Z"
    },
    {
      "shortPath": "l2/ifDefined.less",
      "versionRef": "92526d9ae3bb3fd39f1b8566638fe38223ccc1bc",
      "Length": 138,
      "update_at": "2025-12-03T19:17:08.000Z"
    },
    {
      "shortPath": "l2/ifDefined.test.ts",
      "versionRef": "1ff8141bdbc4605482254cef247f4dc50c55dd96",
      "Length": 257,
      "update_at": "2025-12-03T19:17:09.000Z"
    },
    {
      "shortPath": "l2/ifDefined.ts",
      "versionRef": "edbb64725e5dddc90642f994455f53cd4c9b9634",
      "Length": 521,
      "update_at": "2025-12-05T18:22:36.000Z"
    },
    {
      "shortPath": "l2/isServer.defs.ts",
      "versionRef": "b70661df86e08b475df14a3d3e1a8be6ffb131b5",
      "Length": 82,
      "update_at": "2025-12-03T19:17:10.000Z"
    },
    {
      "shortPath": "l2/isServer.html",
      "versionRef": "d67dad9cfd086ccf4ca69c5c4246a09c06e8659f",
      "Length": 17,
      "update_at": "2025-12-03T19:17:11.000Z"
    },
    {
      "shortPath": "l2/isServer.less",
      "versionRef": "5ab4226b697365bfdeee61ef03429037e277041e",
      "Length": 136,
      "update_at": "2025-12-03T19:17:12.000Z"
    },
    {
      "shortPath": "l2/isServer.test.ts",
      "versionRef": "6e25ff67fc5ec8b987d89b9be53fd2710c26d457",
      "Length": 256,
      "update_at": "2025-12-03T19:17:13.000Z"
    },
    {
      "shortPath": "l2/isServer.ts",
      "versionRef": "71426099a84a03b7a6297962681fd53eec9232a2",
      "Length": 612,
      "update_at": "2025-12-03T19:17:13.000Z"
    },
    {
      "shortPath": "l2/join.defs.ts",
      "versionRef": "9eb2604aaf538b72a93f1ffb44709a17d6fe02c3",
      "Length": 78,
      "update_at": "2025-12-03T19:17:14.000Z"
    },
    {
      "shortPath": "l2/join.html",
      "versionRef": "0cc8eccad674b4e7e2d5c4fe508ba8a3499ade37",
      "Length": 13,
      "update_at": "2025-12-03T19:17:15.000Z"
    },
    {
      "shortPath": "l2/join.less",
      "versionRef": "6e789402de40d02b7928f3cd332ac4ac6cde7d57",
      "Length": 127,
      "update_at": "2025-12-03T19:17:16.000Z"
    },
    {
      "shortPath": "l2/join.test.ts",
      "versionRef": "f312a2963eab270e89b2338dd8033d255786fae7",
      "Length": 252,
      "update_at": "2025-12-03T19:17:16.000Z"
    },
    {
      "shortPath": "l2/join.ts",
      "versionRef": "69292885718bb5238a9edb54bc910d11e19f5862",
      "Length": 642,
      "update_at": "2025-12-05T18:22:37.000Z"
    },
    {
      "shortPath": "l2/keyed.defs.ts",
      "versionRef": "b9c9e1baaba91ada6efabf03fe5c283042c65863",
      "Length": 79,
      "update_at": "2025-12-03T19:17:18.000Z"
    },
    {
      "shortPath": "l2/keyed.html",
      "versionRef": "a17d4a9ac0a7d8e3b216ae5d78d1815904c44848",
      "Length": 14,
      "update_at": "2025-12-03T19:17:19.000Z"
    },
    {
      "shortPath": "l2/keyed.less",
      "versionRef": "faa665c3cf6a46f9f54dd8995a450195b31bb921",
      "Length": 129,
      "update_at": "2025-12-03T19:17:19.000Z"
    },
    {
      "shortPath": "l2/keyed.test.ts",
      "versionRef": "c0c15b885f4b54830485c1ca0f3523c4addc15e6",
      "Length": 253,
      "update_at": "2025-12-03T19:17:20.000Z"
    },
    {
      "shortPath": "l2/keyed.ts",
      "versionRef": "8d006da6bfefaa91de7654b3052555d07673a189",
      "Length": 1122,
      "update_at": "2026-01-21T20:05:13.000Z"
    },
    {
      "shortPath": "l2/libCompileStyle.defs.ts",
      "versionRef": "e6f993d5e291a30a40962e4d8fdf7f896aa3e833",
      "Length": 89,
      "update_at": "2026-01-20T13:41:37.000Z"
    },
    {
      "shortPath": "l2/libCompileStyle.html",
      "versionRef": "0685af09bdf989674060008767694ab647aa03ba",
      "Length": 24,
      "update_at": "2026-01-20T13:41:37.000Z"
    },
    {
      "shortPath": "l2/libCompileStyle.less",
      "versionRef": "285d47c1109e5213fe7807a2e2d7074d6fafc587",
      "Length": 151,
      "update_at": "2026-01-20T13:41:38.000Z"
    },
    {
      "shortPath": "l2/libCompileStyle.test.ts",
      "versionRef": "4fc6084bc53bf6364507ec46fa8f61abb19bb375",
      "Length": 263,
      "update_at": "2026-01-20T13:41:39.000Z"
    },
    {
      "shortPath": "l2/libCompileStyle.ts",
      "versionRef": "5d2017d3c263ccee030765dc1520403e4b3edc87",
      "Length": 3816,
      "update_at": "2026-01-20T13:41:40.000Z"
    },
    {
      "shortPath": "l2/litElement.defs.ts",
      "versionRef": "ee8fbc3d104f6ac3985b97797f1fcbcb5b01d7cf",
      "Length": 84,
      "update_at": "2025-12-03T19:17:21.000Z"
    },
    {
      "shortPath": "l2/litElement.html",
      "versionRef": "a73b79b8360c2e523727ad97269b352998ffe15d",
      "Length": 19,
      "update_at": "2025-12-03T19:17:22.000Z"
    },
    {
      "shortPath": "l2/litElement.less",
      "versionRef": "49b2f56f108c213abc3c1704901621ef7b38a05f",
      "Length": 140,
      "update_at": "2025-12-03T19:17:23.000Z"
    },
    {
      "shortPath": "l2/litElement.test.ts",
      "versionRef": "80f6cab0dc4f9d8915a2608b1aaa561b6bf08db0",
      "Length": 258,
      "update_at": "2025-12-03T19:17:24.000Z"
    },
    {
      "shortPath": "l2/litElement.ts",
      "versionRef": "4763642b3c668e34bfa32287e3845817b37bc7e5",
      "Length": 7096,
      "update_at": "2026-01-20T14:14:37.000Z"
    },
    {
      "shortPath": "l2/litHtml.defs.ts",
      "versionRef": "4d9c7ba78bdb60887d35c52b9340b0aeb622c7c8",
      "Length": 81,
      "update_at": "2025-12-03T19:17:25.000Z"
    },
    {
      "shortPath": "l2/litHtml.html",
      "versionRef": "052b2e85a46b326ed7e08496d013038a41f5089e",
      "Length": 16,
      "update_at": "2025-12-03T19:17:26.000Z"
    },
    {
      "shortPath": "l2/litHtml.less",
      "versionRef": "ac658c5ee09decc0f41581ac7197de88e867b65e",
      "Length": 134,
      "update_at": "2025-12-03T19:17:26.000Z"
    },
    {
      "shortPath": "l2/litHtml.test.ts",
      "versionRef": "c0fc7e93a8decf9fabf361700980763e4226e2e3",
      "Length": 255,
      "update_at": "2025-12-03T19:17:27.000Z"
    },
    {
      "shortPath": "l2/litHtml.ts",
      "versionRef": "399b1c9f92a8b1b634326298b4046b3b7e40428e",
      "Length": 25101,
      "update_at": "2025-12-05T18:22:40.000Z"
    },
    {
      "shortPath": "l2/live.defs.ts",
      "versionRef": "ab4d04c602000f073a2aac6f590c2a6d12f8858e",
      "Length": 78,
      "update_at": "2025-12-03T19:17:28.000Z"
    },
    {
      "shortPath": "l2/live.html",
      "versionRef": "28216377e6acff8bf9bc6e46c4a244d9f64ca3a3",
      "Length": 13,
      "update_at": "2025-12-03T19:17:29.000Z"
    },
    {
      "shortPath": "l2/live.less",
      "versionRef": "9bc057f7b21b5dd24c881e2d2521c1d02800ec5b",
      "Length": 127,
      "update_at": "2025-12-03T19:17:30.000Z"
    },
    {
      "shortPath": "l2/live.test.ts",
      "versionRef": "6995ffd03b883dffe7aa2ad0f3d9c443a6b0a214",
      "Length": 252,
      "update_at": "2025-12-03T19:17:31.000Z"
    },
    {
      "shortPath": "l2/live.ts",
      "versionRef": "50e4eac7054960f9f6305becfa6198aa5f1d5d7d",
      "Length": 1955,
      "update_at": "2025-12-05T18:22:41.000Z"
    },
    {
      "shortPath": "l2/map.defs.ts",
      "versionRef": "653ebbc38e17a09c86a28490132e863e2d2b9676",
      "Length": 77,
      "update_at": "2025-12-03T19:17:32.000Z"
    },
    {
      "shortPath": "l2/map.html",
      "versionRef": "9f13b4fe079a2be39e5927b7e855d10870d2e738",
      "Length": 12,
      "update_at": "2025-12-03T19:17:33.000Z"
    },
    {
      "shortPath": "l2/map.less",
      "versionRef": "b6281322d5e89238cec0d356137089af0cc0f788",
      "Length": 125,
      "update_at": "2025-12-03T19:17:34.000Z"
    },
    {
      "shortPath": "l2/map.test.ts",
      "versionRef": "41a48d8ab86b0d1a163fccb76d5055ef6536d673",
      "Length": 251,
      "update_at": "2025-12-03T19:17:34.000Z"
    },
    {
      "shortPath": "l2/map.ts",
      "versionRef": "5fc057e6a9030d35401e9e6211a288548b04ec5f",
      "Length": 591,
      "update_at": "2025-12-05T18:22:42.000Z"
    },
    {
      "shortPath": "l2/polyfillSupport.defs.ts",
      "versionRef": "f22ed0e0b48489fbf9939c0798506846d934b644",
      "Length": 89,
      "update_at": "2025-12-03T19:17:36.000Z"
    },
    {
      "shortPath": "l2/polyfillSupport.html",
      "versionRef": "1266cb1e0a90ef732ae085deb538ed64329fb0ef",
      "Length": 24,
      "update_at": "2025-12-03T19:17:36.000Z"
    },
    {
      "shortPath": "l2/polyfillSupport.less",
      "versionRef": "191b15bc70b56cfa30e6e1950143c5bf4bc08b31",
      "Length": 150,
      "update_at": "2025-12-03T19:17:37.000Z"
    },
    {
      "shortPath": "l2/polyfillSupport.test.ts",
      "versionRef": "ec34ec33cf2c0813af44aa2ad5223f2269d34e18",
      "Length": 263,
      "update_at": "2025-12-03T19:17:38.000Z"
    },
    {
      "shortPath": "l2/polyfillSupport.ts",
      "versionRef": "12ef4043b2adfeb2c7e2b4057f2aa9ad53674023",
      "Length": 712,
      "update_at": "2025-12-05T18:22:43.000Z"
    },
    {
      "shortPath": "l2/privateAsyncHelpers.defs.ts",
      "versionRef": "1278dc2f10578602c2438c19d27f6312d2c5709d",
      "Length": 93,
      "update_at": "2025-12-03T19:17:39.000Z"
    },
    {
      "shortPath": "l2/privateAsyncHelpers.html",
      "versionRef": "fd9360f39e05f7d7f94e5acc8a07e1caef597af8",
      "Length": 28,
      "update_at": "2025-12-03T19:17:40.000Z"
    },
    {
      "shortPath": "l2/privateAsyncHelpers.less",
      "versionRef": "40a364540db86771f5363f84fd18f113070d4075",
      "Length": 159,
      "update_at": "2025-12-03T19:17:41.000Z"
    },
    {
      "shortPath": "l2/privateAsyncHelpers.test.ts",
      "versionRef": "77c5f0d9bee6f98411e7728bf04c86a7587e743a",
      "Length": 267,
      "update_at": "2025-12-03T19:17:42.000Z"
    },
    {
      "shortPath": "l2/privateAsyncHelpers.ts",
      "versionRef": "0f573b0a6a996601fbdae99527292731f61cca73",
      "Length": 2025,
      "update_at": "2025-12-05T18:22:45.000Z"
    },
    {
      "shortPath": "l2/privateSsrSupport.defs.ts",
      "versionRef": "7e3a1439ede66abfe48d70c483d2917ae771698f",
      "Length": 91,
      "update_at": "2025-12-03T19:17:43.000Z"
    },
    {
      "shortPath": "l2/privateSsrSupport.html",
      "versionRef": "19e7fb0bed956f536e2c3dfbf4ab814f4d55d47d",
      "Length": 26,
      "update_at": "2025-12-03T19:17:44.000Z"
    },
    {
      "shortPath": "l2/privateSsrSupport.less",
      "versionRef": "4980a8ed9f92d0f0753b05eecae2af597737c3da",
      "Length": 155,
      "update_at": "2025-12-03T19:17:45.000Z"
    },
    {
      "shortPath": "l2/privateSsrSupport.test.ts",
      "versionRef": "ad4543767bff625e56459c106a743c1185596cf3",
      "Length": 265,
      "update_at": "2025-12-03T19:17:45.000Z"
    },
    {
      "shortPath": "l2/privateSsrSupport.ts",
      "versionRef": "0d3e73a7f527431598a43d2d0142260e495bc3b3",
      "Length": 3139,
      "update_at": "2025-12-05T18:22:46.000Z"
    },
    {
      "shortPath": "l2/processCssLit.defs.ts",
      "versionRef": "0831df36188d606419f4cacfa20cf8f7986bf9ee",
      "Length": 87,
      "update_at": "2026-01-20T13:41:40.000Z"
    },
    {
      "shortPath": "l2/processCssLit.html",
      "versionRef": "037b420af5c9ef8270537acdc91d075a10c98478",
      "Length": 22,
      "update_at": "2026-01-20T13:41:41.000Z"
    },
    {
      "shortPath": "l2/processCssLit.less",
      "versionRef": "2812b74fbb48bcc660173c0a6ee3612edd81e95d",
      "Length": 147,
      "update_at": "2026-01-20T13:41:42.000Z"
    },
    {
      "shortPath": "l2/processCssLit.test.ts",
      "versionRef": "d524e09bc3c7195aaaffa98e41962521e04eb7c4",
      "Length": 261,
      "update_at": "2026-01-20T13:41:43.000Z"
    },
    {
      "shortPath": "l2/processCssLit.ts",
      "versionRef": "a6e045d3dc3d10944c06173a70db15f113d69dc8",
      "Length": 4625,
      "update_at": "2026-01-20T13:41:43.000Z"
    },
    {
      "shortPath": "l2/project.defs.ts",
      "versionRef": "97d313894c96358e46ab3b71a091dc9af9220e1b",
      "Length": 81,
      "update_at": "2025-12-03T19:17:47.000Z"
    },
    {
      "shortPath": "l2/project.html",
      "versionRef": "88a90cf32ef33346febb29387541246b1be9a2e0",
      "Length": 16,
      "update_at": "2025-12-03T19:17:47.000Z"
    },
    {
      "shortPath": "l2/project.less",
      "versionRef": "6f3bdfc385b5facd33e3c2f63113b07e095d3bc0",
      "Length": 133,
      "update_at": "2025-12-03T19:17:48.000Z"
    },
    {
      "shortPath": "l2/project.test.ts",
      "versionRef": "ca9e4fcd3db448b14f6a2edf646f1264bd2a6b9e",
      "Length": 255,
      "update_at": "2025-12-03T19:17:49.000Z"
    },
    {
      "shortPath": "l2/project.ts",
      "versionRef": "15dd5d8d3bd4dc9fde0a2400ac854b8e03d12e50",
      "Length": 331,
      "update_at": "2025-12-03T19:17:49.000Z"
    },
    {
      "shortPath": "l2/property.defs.ts",
      "versionRef": "af1a71fb43c707d8b10e46de9bbfbd6ce4472a46",
      "Length": 82,
      "update_at": "2025-12-03T19:17:50.000Z"
    },
    {
      "shortPath": "l2/property.html",
      "versionRef": "1321e3e1e2d98a7263d16816a93329282b6116d6",
      "Length": 17,
      "update_at": "2025-12-03T19:17:51.000Z"
    },
    {
      "shortPath": "l2/property.less",
      "versionRef": "c5a14223769e7805c8e188af2ec8acfd3db36de9",
      "Length": 135,
      "update_at": "2025-12-03T19:17:52.000Z"
    },
    {
      "shortPath": "l2/property.test.ts",
      "versionRef": "718aec4e7f6e018e833ab09fe7d318e7f10c470b",
      "Length": 256,
      "update_at": "2025-12-03T19:17:52.000Z"
    },
    {
      "shortPath": "l2/property.ts",
      "versionRef": "f3771ddda1866b6212434d8094b1965d30691830",
      "Length": 2937,
      "update_at": "2025-12-05T18:22:47.000Z"
    },
    {
      "shortPath": "l2/propiertiesLit.defs.ts",
      "versionRef": "d61fd7ca2a2b1667c74a1e547531fdcfe28e77f7",
      "Length": 88,
      "update_at": "2026-01-20T13:41:44.000Z"
    },
    {
      "shortPath": "l2/propiertiesLit.html",
      "versionRef": "0a00178c68905a6aadefeb3d2191aa792a10ee15",
      "Length": 23,
      "update_at": "2026-01-20T13:41:45.000Z"
    },
    {
      "shortPath": "l2/propiertiesLit.less",
      "versionRef": "a4b03592193c6628b22100794fd6dee45bf7a989",
      "Length": 148,
      "update_at": "2026-01-20T13:41:45.000Z"
    },
    {
      "shortPath": "l2/propiertiesLit.test.ts",
      "versionRef": "39e84428718b9a79a0a08433ce21f433dbbc3046",
      "Length": 262,
      "update_at": "2026-01-20T13:41:46.000Z"
    },
    {
      "shortPath": "l2/propiertiesLit.ts",
      "versionRef": "0284ed6e0ee834946607c2b67abae98302dc2507",
      "Length": 8151,
      "update_at": "2026-01-20T13:41:47.000Z"
    },
    {
      "shortPath": "l2/query.defs.ts",
      "versionRef": "3bbc10f76e10fff5953b6e89dd04767182d50b8d",
      "Length": 79,
      "update_at": "2025-12-03T19:17:54.000Z"
    },
    {
      "shortPath": "l2/query.html",
      "versionRef": "1738b98e400bb17dbf96a607aa32b73dc91a4591",
      "Length": 14,
      "update_at": "2025-12-03T19:17:55.000Z"
    },
    {
      "shortPath": "l2/query.less",
      "versionRef": "2d2bc2ea552f2eb094468f64e4f26619cf8cb3a2",
      "Length": 129,
      "update_at": "2025-12-03T19:17:55.000Z"
    },
    {
      "shortPath": "l2/query.test.ts",
      "versionRef": "b8a423b72965e7e0089ec1d22a7744764c2c6f89",
      "Length": 253,
      "update_at": "2025-12-03T19:17:56.000Z"
    },
    {
      "shortPath": "l2/query.ts",
      "versionRef": "a4a0ce107a8734b04dc400099f52cb9bfdbdd87b",
      "Length": 1391,
      "update_at": "2025-12-05T18:22:48.000Z"
    },
    {
      "shortPath": "l2/queryAll.defs.ts",
      "versionRef": "9abe85df6461c2b05f12bc4adb5d6717344bccf6",
      "Length": 82,
      "update_at": "2025-12-03T19:17:57.000Z"
    },
    {
      "shortPath": "l2/queryAll.html",
      "versionRef": "3098ff8944bbfc400d707588676419bc5a45686d",
      "Length": 17,
      "update_at": "2025-12-03T19:17:58.000Z"
    },
    {
      "shortPath": "l2/queryAll.less",
      "versionRef": "daec6388a603421ec487c98b7868471a05d71a57",
      "Length": 136,
      "update_at": "2025-12-03T19:17:59.000Z"
    },
    {
      "shortPath": "l2/queryAll.test.ts",
      "versionRef": "7ef6ae894c452ad81557ebf9d218251019429557",
      "Length": 256,
      "update_at": "2025-12-03T19:17:59.000Z"
    },
    {
      "shortPath": "l2/queryAll.ts",
      "versionRef": "ec6e204b656886fe076eb26813ccf59af12ff284",
      "Length": 1289,
      "update_at": "2025-12-05T18:22:49.000Z"
    },
    {
      "shortPath": "l2/queryAssignedElements.defs.ts",
      "versionRef": "ad1143cfcbd7870328643735a283c7c8049aac3d",
      "Length": 95,
      "update_at": "2025-12-03T19:18:01.000Z"
    },
    {
      "shortPath": "l2/queryAssignedElements.html",
      "versionRef": "9829248c9427936425822d860b011504373e028a",
      "Length": 30,
      "update_at": "2025-12-03T19:18:02.000Z"
    },
    {
      "shortPath": "l2/queryAssignedElements.less",
      "versionRef": "4076de6a5c91226265ebac1756486d454e9def84",
      "Length": 163,
      "update_at": "2025-12-03T19:18:02.000Z"
    },
    {
      "shortPath": "l2/queryAssignedElements.test.ts",
      "versionRef": "50a6c065ee481149c116333c3e21929adb0002d2",
      "Length": 269,
      "update_at": "2025-12-03T19:18:03.000Z"
    },
    {
      "shortPath": "l2/queryAssignedElements.ts",
      "versionRef": "0190a6aceaad99603e4946402c99bfdbbe33295e",
      "Length": 2246,
      "update_at": "2025-12-05T18:22:50.000Z"
    },
    {
      "shortPath": "l2/queryAssignedNodes.defs.ts",
      "versionRef": "07cb4a6471ff1d787b3a2a3589da0379a9a520b4",
      "Length": 92,
      "update_at": "2025-12-03T19:18:04.000Z"
    },
    {
      "shortPath": "l2/queryAssignedNodes.html",
      "versionRef": "5e23e0ef448658f292a54ca13f37e24d194f1783",
      "Length": 27,
      "update_at": "2025-12-03T19:18:05.000Z"
    },
    {
      "shortPath": "l2/queryAssignedNodes.less",
      "versionRef": "97fe6aa1aa866d1907c31cd8058d249812ad9cfe",
      "Length": 157,
      "update_at": "2025-12-03T19:18:06.000Z"
    },
    {
      "shortPath": "l2/queryAssignedNodes.test.ts",
      "versionRef": "5466381933b1a2a6841ff43abc5394f07f4900e3",
      "Length": 266,
      "update_at": "2025-12-03T19:18:07.000Z"
    },
    {
      "shortPath": "l2/queryAssignedNodes.ts",
      "versionRef": "f20e69f7b2d0c26711d8201953ae38dd3db23b55",
      "Length": 1895,
      "update_at": "2025-12-05T18:22:51.000Z"
    },
    {
      "shortPath": "l2/queryAsync.defs.ts",
      "versionRef": "68504bbf591aefbc046bc7dd3480eede43af4294",
      "Length": 84,
      "update_at": "2025-12-03T19:18:08.000Z"
    },
    {
      "shortPath": "l2/queryAsync.html",
      "versionRef": "4b42dcd145bfff7e1e354cca64d711c947dcfeed",
      "Length": 19,
      "update_at": "2025-12-03T19:18:09.000Z"
    },
    {
      "shortPath": "l2/queryAsync.less",
      "versionRef": "f0ac38aaae6d20c0bd5e70a9d11874f6a329abd7",
      "Length": 140,
      "update_at": "2025-12-03T19:18:10.000Z"
    },
    {
      "shortPath": "l2/queryAsync.test.ts",
      "versionRef": "ee2b779cf52b74e47abb1a7458ba74a5c777b289",
      "Length": 258,
      "update_at": "2025-12-03T19:18:10.000Z"
    },
    {
      "shortPath": "l2/queryAsync.ts",
      "versionRef": "65941b65f20e4a701abec1c055e0d677c5f264c8",
      "Length": 1698,
      "update_at": "2025-12-05T18:22:52.000Z"
    },
    {
      "shortPath": "l2/range.defs.ts",
      "versionRef": "5d255c78d40edf8a7c45ac8081e2952a99307ca4",
      "Length": 79,
      "update_at": "2025-12-03T19:18:12.000Z"
    },
    {
      "shortPath": "l2/range.html",
      "versionRef": "96e00cd6c444040215bfbc4a430c3869e7155f09",
      "Length": 14,
      "update_at": "2025-12-03T19:18:12.000Z"
    },
    {
      "shortPath": "l2/range.less",
      "versionRef": "110b6e41f9666e2ecba4a3d742d5313f017c3207",
      "Length": 129,
      "update_at": "2025-12-03T19:18:13.000Z"
    },
    {
      "shortPath": "l2/range.test.ts",
      "versionRef": "268d01b48277714d7fd1e3d6f18129ef9b6acbd9",
      "Length": 253,
      "update_at": "2025-12-03T19:18:14.000Z"
    },
    {
      "shortPath": "l2/range.ts",
      "versionRef": "87f9a53237d9440877cdac8bf6377120a4bd0da4",
      "Length": 672,
      "update_at": "2025-12-05T18:22:53.000Z"
    },
    {
      "shortPath": "l2/reactiveController.defs.ts",
      "versionRef": "f46c0dff050cc9fdaaeaa2222cc8e6c2af33cf4e",
      "Length": 92,
      "update_at": "2025-12-03T19:18:15.000Z"
    },
    {
      "shortPath": "l2/reactiveController.html",
      "versionRef": "253c66e426f2592b9b9b3cb36a03212ed71665c0",
      "Length": 27,
      "update_at": "2025-12-03T19:18:16.000Z"
    },
    {
      "shortPath": "l2/reactiveController.less",
      "versionRef": "5d79dc10c07fcd336918173437e31a42348b2ebf",
      "Length": 156,
      "update_at": "2025-12-03T19:18:17.000Z"
    },
    {
      "shortPath": "l2/reactiveController.test.ts",
      "versionRef": "13a953a54ee87119c8243f672f7eabc6c03492e6",
      "Length": 266,
      "update_at": "2025-12-03T19:18:17.000Z"
    },
    {
      "shortPath": "l2/reactiveController.ts",
      "versionRef": "6f61c0dd3ba82d9074de4638689e82260ba33dad",
      "Length": 3030,
      "update_at": "2025-12-05T18:22:54.000Z"
    },
    {
      "shortPath": "l2/reactiveElement.defs.ts",
      "versionRef": "d9222390d7daecfbf48fa7a80776d5d14863ae6a",
      "Length": 89,
      "update_at": "2025-12-03T19:18:19.000Z"
    },
    {
      "shortPath": "l2/reactiveElement.html",
      "versionRef": "98b82c574d1786dc4495d5d0c83bf7232d0c8fb9",
      "Length": 24,
      "update_at": "2025-12-03T19:18:20.000Z"
    },
    {
      "shortPath": "l2/reactiveElement.less",
      "versionRef": "5894b0d4f598177788722babf86f529502816aa1",
      "Length": 150,
      "update_at": "2025-12-03T19:18:20.000Z"
    },
    {
      "shortPath": "l2/reactiveElement.test.ts",
      "versionRef": "96e40a618edc21e4f6897892d84cf2ff651f3988",
      "Length": 263,
      "update_at": "2025-12-03T19:18:21.000Z"
    },
    {
      "shortPath": "l2/reactiveElement.ts",
      "versionRef": "c106e749f3c7453a027af9b659a1222ecb26a7d1",
      "Length": 30602,
      "update_at": "2026-01-21T20:05:15.000Z"
    },
    {
      "shortPath": "l2/ref.defs.ts",
      "versionRef": "c93078fb2e1c9629d57f3343340b01e2c314abce",
      "Length": 77,
      "update_at": "2025-12-03T19:18:22.000Z"
    },
    {
      "shortPath": "l2/ref.html",
      "versionRef": "941b04d3acb14c720e9cae4551d865b6e75d45ba",
      "Length": 12,
      "update_at": "2025-12-03T19:18:23.000Z"
    },
    {
      "shortPath": "l2/ref.less",
      "versionRef": "a284cefe01fb8eb4604cf5158b48309167380040",
      "Length": 125,
      "update_at": "2025-12-03T19:18:24.000Z"
    },
    {
      "shortPath": "l2/ref.test.ts",
      "versionRef": "616218cf068c48cedb6c7ac082c76c33d4280269",
      "Length": 251,
      "update_at": "2025-12-03T19:18:25.000Z"
    },
    {
      "shortPath": "l2/ref.ts",
      "versionRef": "594a521651ef373439cf13f7beda178ffe86e5a8",
      "Length": 2343,
      "update_at": "2025-12-05T18:22:57.000Z"
    },
    {
      "shortPath": "l2/repeat.defs.ts",
      "versionRef": "4373e79881a6706e84468f9566ab5d958762e8d2",
      "Length": 80,
      "update_at": "2025-12-03T19:18:26.000Z"
    },
    {
      "shortPath": "l2/repeat.html",
      "versionRef": "2be6b1f1be0c9399bad32f961ab04830a38e4208",
      "Length": 15,
      "update_at": "2025-12-03T19:18:27.000Z"
    },
    {
      "shortPath": "l2/repeat.less",
      "versionRef": "5cdff476f1b89942755d18a404c50079e7162c39",
      "Length": 131,
      "update_at": "2025-12-03T19:18:27.000Z"
    },
    {
      "shortPath": "l2/repeat.test.ts",
      "versionRef": "e8d10e133a535df88d5b5e56114534396617d7a4",
      "Length": 254,
      "update_at": "2025-12-03T19:18:28.000Z"
    },
    {
      "shortPath": "l2/repeat.ts",
      "versionRef": "dde60443d937cc8ee7620e1742a2ac1fda592977",
      "Length": 2767,
      "update_at": "2025-12-05T18:22:58.000Z"
    },
    {
      "shortPath": "l2/state.defs.ts",
      "versionRef": "6fafd9d1da8f52b272e3a4fcda1a858887f72439",
      "Length": 79,
      "update_at": "2025-12-03T19:18:30.000Z"
    },
    {
      "shortPath": "l2/state.html",
      "versionRef": "2fe40b81d3207804f1594498c42afa0bb9879d06",
      "Length": 14,
      "update_at": "2025-12-03T19:18:30.000Z"
    },
    {
      "shortPath": "l2/state.less",
      "versionRef": "a4f749fbc6bc5f9855494725ea9c3c9d67b49b10",
      "Length": 129,
      "update_at": "2025-12-03T19:18:31.000Z"
    },
    {
      "shortPath": "l2/state.test.ts",
      "versionRef": "ded52484f54d7b180931acfb348763618419ddfc",
      "Length": 253,
      "update_at": "2025-12-03T19:18:32.000Z"
    },
    {
      "shortPath": "l2/state.ts",
      "versionRef": "091b6cdd475837677382a669db6c9894f9dd186e",
      "Length": 1203,
      "update_at": "2025-12-05T18:22:59.000Z"
    },
    {
      "shortPath": "l2/static.defs.ts",
      "versionRef": "083e770d2642aff15cbe16068d0b2b8eb82281b9",
      "Length": 80,
      "update_at": "2025-12-03T19:18:33.000Z"
    },
    {
      "shortPath": "l2/static.html",
      "versionRef": "cec42bcae54dc4c6c7202703259e4147a66b1432",
      "Length": 15,
      "update_at": "2025-12-03T19:18:34.000Z"
    },
    {
      "shortPath": "l2/static.less",
      "versionRef": "da464d4c03426935838118b1686e9634ece6f710",
      "Length": 131,
      "update_at": "2025-12-03T19:18:35.000Z"
    },
    {
      "shortPath": "l2/static.test.ts",
      "versionRef": "1735e6be7432df1ba4293f139b539a2c0d3de5b7",
      "Length": 254,
      "update_at": "2025-12-03T19:18:35.000Z"
    },
    {
      "shortPath": "l2/static.ts",
      "versionRef": "a73fd55cccd9d876ded5e8da8c0cf75fb8df28ab",
      "Length": 3653,
      "update_at": "2025-12-05T18:23:00.000Z"
    },
    {
      "shortPath": "l2/styleMap.defs.ts",
      "versionRef": "f93198a8ddca3a0cc1bd53f6655e8564a95cae3f",
      "Length": 82,
      "update_at": "2025-12-03T19:18:37.000Z"
    },
    {
      "shortPath": "l2/styleMap.html",
      "versionRef": "75b33358360f61483025f6f2d7015cd03e875cb6",
      "Length": 17,
      "update_at": "2025-12-03T19:18:37.000Z"
    },
    {
      "shortPath": "l2/styleMap.less",
      "versionRef": "64accfbbc99f3b5f99234179ef6b339a56473345",
      "Length": 136,
      "update_at": "2025-12-03T19:18:38.000Z"
    },
    {
      "shortPath": "l2/styleMap.test.ts",
      "versionRef": "23c3ed000d9e4039c39549c42b18e730d7de7661",
      "Length": 256,
      "update_at": "2025-12-03T19:18:39.000Z"
    },
    {
      "shortPath": "l2/styleMap.ts",
      "versionRef": "a8fdaf8882fa1c0cd3bb20f99d4cfc3f9641267d",
      "Length": 2247,
      "update_at": "2025-12-05T18:23:01.000Z"
    },
    {
      "shortPath": "l2/templateContent.defs.ts",
      "versionRef": "402ddb044a6444641349edea8cab46e682338e30",
      "Length": 89,
      "update_at": "2025-12-03T19:18:40.000Z"
    },
    {
      "shortPath": "l2/templateContent.html",
      "versionRef": "3e05e1dedff2faed984760cd78c9bff832cb4880",
      "Length": 24,
      "update_at": "2025-12-03T19:18:41.000Z"
    },
    {
      "shortPath": "l2/templateContent.less",
      "versionRef": "9990cfdfcd3387a01028113d6e35c743dad8b1ab",
      "Length": 150,
      "update_at": "2025-12-03T19:18:42.000Z"
    },
    {
      "shortPath": "l2/templateContent.test.ts",
      "versionRef": "534cafc6b684d25e29b73e41382868c4e386dd5c",
      "Length": 263,
      "update_at": "2025-12-03T19:18:42.000Z"
    },
    {
      "shortPath": "l2/templateContent.ts",
      "versionRef": "65b5e7091c1f379a298f78336d255232a7c39e9e",
      "Length": 1115,
      "update_at": "2025-12-05T18:23:02.000Z"
    },
    {
      "shortPath": "l2/unsafeHtml.defs.ts",
      "versionRef": "3b5c644e2585cf9f05265d6954515667fc86d467",
      "Length": 84,
      "update_at": "2025-12-03T19:18:44.000Z"
    },
    {
      "shortPath": "l2/unsafeHtml.html",
      "versionRef": "f7281d318fbd9d44a3a9c1f0783e8124794904d9",
      "Length": 19,
      "update_at": "2025-12-03T19:18:44.000Z"
    },
    {
      "shortPath": "l2/unsafeHtml.less",
      "versionRef": "fceb663cd1e2c63088cc6b6e156cd304dc78638e",
      "Length": 140,
      "update_at": "2025-12-03T19:18:45.000Z"
    },
    {
      "shortPath": "l2/unsafeHtml.test.ts",
      "versionRef": "6854018f3d319281bd43518a157459eaafd499cd",
      "Length": 258,
      "update_at": "2025-12-03T19:18:46.000Z"
    },
    {
      "shortPath": "l2/unsafeHtml.ts",
      "versionRef": "499a09dfa5b92359bc1af68d155209a42250b072",
      "Length": 1238,
      "update_at": "2025-12-05T18:23:03.000Z"
    },
    {
      "shortPath": "l2/unsafeMathml.defs.ts",
      "versionRef": "23e16df1663aef464ad60fef724bf0c6624869dd",
      "Length": 86,
      "update_at": "2025-12-03T19:18:47.000Z"
    },
    {
      "shortPath": "l2/unsafeMathml.html",
      "versionRef": "a5271edc2683f62bbe5d7fc31b85bd2d8c5cef23",
      "Length": 21,
      "update_at": "2025-12-03T19:18:48.000Z"
    },
    {
      "shortPath": "l2/unsafeMathml.less",
      "versionRef": "17b2e6969f3c7afaf28ad1b376c366024c0a5e8f",
      "Length": 144,
      "update_at": "2025-12-03T19:18:49.000Z"
    },
    {
      "shortPath": "l2/unsafeMathml.test.ts",
      "versionRef": "8c265bb3219c4116afbc501c4048188af8104949",
      "Length": 260,
      "update_at": "2025-12-03T19:18:49.000Z"
    },
    {
      "shortPath": "l2/unsafeMathml.ts",
      "versionRef": "68c9912bbf85b994b66658e8d9251578f9757f90",
      "Length": 1183,
      "update_at": "2025-12-05T18:23:04.000Z"
    },
    {
      "shortPath": "l2/unsafeSvg.defs.ts",
      "versionRef": "5127d8cde0178e45740af031c2563c3ef68fbde8",
      "Length": 83,
      "update_at": "2025-12-03T19:18:51.000Z"
    },
    {
      "shortPath": "l2/unsafeSvg.html",
      "versionRef": "5ba1b484459e091958fdbe3d4a8c2c99bfe45796",
      "Length": 18,
      "update_at": "2025-12-03T19:18:52.000Z"
    },
    {
      "shortPath": "l2/unsafeSvg.less",
      "versionRef": "9201b2712c17880eff877de4c8c009ce281e2cf6",
      "Length": 138,
      "update_at": "2025-12-03T19:18:52.000Z"
    },
    {
      "shortPath": "l2/unsafeSvg.test.ts",
      "versionRef": "c49c9010c10639804fc4e9c6efadd2c1eea92fc8",
      "Length": 257,
      "update_at": "2025-12-03T19:18:53.000Z"
    },
    {
      "shortPath": "l2/unsafeSvg.ts",
      "versionRef": "a0aaf8c0f5e9a2be7df1110feda9c6780c5578dc",
      "Length": 1139,
      "update_at": "2025-12-05T18:23:05.000Z"
    },
    {
      "shortPath": "l2/until.defs.ts",
      "versionRef": "448fbc0fa94572f5dc59298781890f0c49a6b161",
      "Length": 79,
      "update_at": "2025-12-03T19:18:55.000Z"
    },
    {
      "shortPath": "l2/until.html",
      "versionRef": "47d5813ba8382701ef5e1b1b4284f9593b51e030",
      "Length": 14,
      "update_at": "2025-12-03T19:18:55.000Z"
    },
    {
      "shortPath": "l2/until.less",
      "versionRef": "7d1bceafc82ac91e897de6a62510c467f15c0d17",
      "Length": 129,
      "update_at": "2025-12-03T19:18:56.000Z"
    },
    {
      "shortPath": "l2/until.test.ts",
      "versionRef": "3c7ea5595cec68e4c6196a4ebfe084f5da1ff438",
      "Length": 253,
      "update_at": "2025-12-03T19:18:57.000Z"
    },
    {
      "shortPath": "l2/until.ts",
      "versionRef": "14839fcc5e624e65ade906f75dae9a9aaebb5cca",
      "Length": 1734,
      "update_at": "2025-12-05T18:23:06.000Z"
    },
    {
      "shortPath": "l2/utils.defs.ts",
      "versionRef": "1c7070b2dc2f9263b08a2192ab0f3abc13aa3292",
      "Length": 79,
      "update_at": "2026-01-20T13:41:47.000Z"
    },
    {
      "shortPath": "l2/utils.html",
      "versionRef": "a80dc4e99098a08fc07332715571b0cdfe033de3",
      "Length": 14,
      "update_at": "2026-01-20T13:41:48.000Z"
    },
    {
      "shortPath": "l2/utils.less",
      "versionRef": "fe719d52b5716ae1fd6c060e854af42fa1f0a3e8",
      "Length": 129,
      "update_at": "2026-01-20T13:41:49.000Z"
    },
    {
      "shortPath": "l2/utils.test.ts",
      "versionRef": "7dd75d9f7b3f39995f0c51d5558d1044203cb728",
      "Length": 253,
      "update_at": "2026-01-20T13:41:49.000Z"
    },
    {
      "shortPath": "l2/utils.ts",
      "versionRef": "703030dd5505e45336ae1be26359072cc9fa8283",
      "Length": 1935,
      "update_at": "2026-01-20T13:57:36.000Z"
    },
    {
      "shortPath": "l2/validateLit.defs.ts",
      "versionRef": "76879ded3f4de5561f7c3ad476ee8e69c11ab435",
      "Length": 85,
      "update_at": "2026-01-20T13:41:51.000Z"
    },
    {
      "shortPath": "l2/validateLit.html",
      "versionRef": "3d5cfbf438b1883c0df8af311c4b3aafc7770e29",
      "Length": 20,
      "update_at": "2026-01-20T13:41:52.000Z"
    },
    {
      "shortPath": "l2/validateLit.less",
      "versionRef": "99bc7ee1857cbd196dcd5533c1134b028a874f43",
      "Length": 142,
      "update_at": "2026-01-20T13:41:52.000Z"
    },
    {
      "shortPath": "l2/validateLit.test.ts",
      "versionRef": "d40591710166097fd6198c6646b96a04f114efb6",
      "Length": 259,
      "update_at": "2026-01-20T13:41:53.000Z"
    },
    {
      "shortPath": "l2/validateLit.ts",
      "versionRef": "84481802d311c93da8cc97c11df091c473761a16",
      "Length": 4992,
      "update_at": "2026-01-20T13:57:37.000Z"
    },
    {
      "shortPath": "l2/wcTeste.defs.ts",
      "versionRef": "52580af529bf0a06ccbd28be9dd4e9fb4c9026ce",
      "Length": 81,
      "update_at": "2025-12-03T19:18:58.000Z"
    },
    {
      "shortPath": "l2/wcTeste.html",
      "versionRef": "10e58e82055d02ee85df697bb20bc3a49486de17",
      "Length": 35,
      "update_at": "2025-12-03T19:18:59.000Z"
    },
    {
      "shortPath": "l2/wcTeste.less",
      "versionRef": "12fbcdf74837c27d9dc3befb6ba4fe3a17f137f9",
      "Length": 134,
      "update_at": "2025-12-03T19:19:00.000Z"
    },
    {
      "shortPath": "l2/wcTeste.test.ts",
      "versionRef": "dc2c65b5ed243ba7cca87856480bf19c917f516b",
      "Length": 255,
      "update_at": "2025-12-03T19:19:00.000Z"
    },
    {
      "shortPath": "l2/wcTeste.ts",
      "versionRef": "9f440b3d5a60c3865d94b1d7bd68680bf9f9a4ba",
      "Length": 482,
      "update_at": "2025-12-05T18:23:07.000Z"
    },
    {
      "shortPath": "l2/when.defs.ts",
      "versionRef": "0d789ca02b9289e15eb62d14ccee5d4dc6d35a86",
      "Length": 78,
      "update_at": "2025-12-03T19:19:02.000Z"
    },
    {
      "shortPath": "l2/when.html",
      "versionRef": "240063456a93af3919af605f61837dc9f899ed97",
      "Length": 13,
      "update_at": "2025-12-03T19:19:02.000Z"
    },
    {
      "shortPath": "l2/when.less",
      "versionRef": "cde97de9c57917f1918c5ee1bec487683eab2746",
      "Length": 89,
      "update_at": "2025-12-03T19:19:03.000Z"
    },
    {
      "shortPath": "l2/when.test.ts",
      "versionRef": "04aa12e5456f478df40ce59dbd5abd83e0930d60",
      "Length": 252,
      "update_at": "2025-12-03T19:19:04.000Z"
    },
    {
      "shortPath": "l2/when.ts",
      "versionRef": "080d62311fc129e3854a47f1842c3d686ade4fa1",
      "Length": 1166,
      "update_at": "2025-12-05T18:23:08.000Z"
    },
    {
      "shortPath": "l5/project.json",
      "versionRef": "dd83bc42f62f3501e7ace249f2769b1dc75a71c1",
      "Length": 375,
      "update_at": "2025-12-03T19:19:05.000Z"
    },
    {
      "shortPath": "l0/package.json",
      "versionRef": "1eae3ada68da69bb986e4ee9d26130c75c019d86",
      "Length": 470,
      "update_at": "2025-12-03T19:15:21.000Z"
    },
    {
      "shortPath": "l0/tsconfig.json",
      "versionRef": "f631a300b5933b05930cd9f4bcd1b72ee38178e4",
      "Length": 1042,
      "update_at": "2025-12-04T19:25:20.000Z"
    }
  ]
}